-- =============================================================================
-- Go Docker 本地试验：博客必备基础数据
-- 对齐 blog-server/deploy/sql/init.sql 的种子段（RBAC / 机构 / 分类标签 / 敏感词等）
-- 前置：01-schema.sql 已建表；仅含 INSERT
-- 默认超管：username=18888888888  password=super  （uid 以本文件插入为准，本地库为 5）
-- 刷新方式：docker compose ... down -v && up -d（initdb 仅首次空卷执行）
-- =============================================================================

SET NAMES utf8mb4;
SET FOREIGN_KEY_CHECKS=0;
-- MySQL dump 10.13  Distrib 9.0.1, for Win64 (x86_64)
--
-- Host: 127.0.0.1    Database: x_my_blog
-- ------------------------------------------------------
-- Server version	9.0.1

/*!40101 SET @OLD_CHARACTER_SET_CLIENT=@@CHARACTER_SET_CLIENT */;
/*!40101 SET @OLD_CHARACTER_SET_RESULTS=@@CHARACTER_SET_RESULTS */;
/*!40101 SET @OLD_COLLATION_CONNECTION=@@COLLATION_CONNECTION */;
/*!50503 SET NAMES utf8mb4 */;
/*!40103 SET @OLD_TIME_ZONE=@@TIME_ZONE */;
/*!40103 SET TIME_ZONE='+00:00' */;
/*!40014 SET @OLD_UNIQUE_CHECKS=@@UNIQUE_CHECKS, UNIQUE_CHECKS=0 */;
/*!40014 SET @OLD_FOREIGN_KEY_CHECKS=@@FOREIGN_KEY_CHECKS, FOREIGN_KEY_CHECKS=0 */;
/*!40101 SET @OLD_SQL_MODE=@@SQL_MODE, SQL_MODE='NO_AUTO_VALUE_ON_ZERO' */;
/*!40111 SET @OLD_SQL_NOTES=@@SQL_NOTES, SQL_NOTES=0 */;

--
-- Dumping data for table `x_role`
--

LOCK TABLES `x_role` WRITE;
/*!40000 ALTER TABLE `x_role` DISABLE KEYS */;
INSERT INTO `x_role` (`createTime`, `updateTime`, `roleName`, `roleDesc`, `id`, `isDelete`, `version`) VALUES ('2026-01-16 10:23:41','2026-01-16 10:23:41','超级管理员','超级管理员',1,0,0),('2026-01-19 08:44:32','2026-01-19 08:44:54','管理员','管理员',2,0,0),('2026-01-19 03:48:49','2026-01-19 08:42:45','作者','作者',3,0,0),('2026-06-12 12:48:25','2026-06-12 12:48:25','作者管理员','作者 管理员',5,0,0);
/*!40000 ALTER TABLE `x_role` ENABLE KEYS */;
UNLOCK TABLES;

--
-- Dumping data for table `x_role_data_scope`
--

LOCK TABLES `x_role_data_scope` WRITE;
/*!40000 ALTER TABLE `x_role_data_scope` DISABLE KEYS */;
INSERT INTO `x_role_data_scope` (`id`, `roleId`, `resourceType`, `scopeType`, `deptIds`, `createTime`, `updateTime`, `isDelete`, `version`) VALUES (1,1,'article','ALL',NULL,'2026-06-13 10:11:28','2026-06-16 17:12:33',0,0),(2,2,'article','DEPT_AND_CHILDREN',NULL,'2026-06-13 10:11:28','2026-06-13 10:11:28',0,0),(3,3,'article','DEPT',NULL,'2026-06-13 10:11:28','2026-06-13 10:11:28',0,0);
/*!40000 ALTER TABLE `x_role_data_scope` ENABLE KEYS */;
UNLOCK TABLES;

--
-- Dumping data for table `x_menu`
--

LOCK TABLES `x_menu` WRITE;
/*!40000 ALTER TABLE `x_menu` DISABLE KEYS */;
INSERT INTO `x_menu` (`id`, `pid`, `path`, `name`, `order`, `icon`, `locale`, `requiresAuth`, `filePath`, `isDelete`, `menuCnName`) VALUES ('p10000','0','/dashboard','Dashboard',0,'icon-dashboard','menu.server.dashboard',1,'',0,'首页'),('p100000','0','public','public',1,'','',1,'',0,'公共接口'),('p100001','p100000','pay','pay',1,'','',1,'',0,'交易接口'),('p100002','p100000','rpg','rpg',1,'','',1,'',0,'RPG'),('p10001','p10000','/dashboard/workplace','Workplace',1,'icon-liebiao2','menu.server.workplace',1,'workplace',0,'仪表盘'),('p1100000','p1500000','sensitive-word','SensitiveWord',1,'icon-renzheng','menu.server.sensitiveWord',1,'sensitive-word',0,'敏感词管理'),('p1100001','p1100000','list','SensitiveWordList',1,'icon-liebiao2','menu.server.sensitiveWordList',1,'sensitive-word/index',0,'敏感词列表'),('p1100002','p1100000','review','SensitiveWordReview',2,'icon-fenlei','menu.server.sensitiveWordReview',1,'sensitive-word/review',0,'审核管理'),('p1200000','0','/ops-tools','OpsTools',7,'icon-yunwei','menu.server.opsTools',1,'ops-tools',0,'运维工具'),('p1200001','p1200000','operation-log','OperationLog',1,'icon-rizhi2','menu.server.operationLog',1,'operation-log/index',0,'操作日志'),('p1200002','p1200000','scheduled-task','ScheduledTask',2,'icon-shijian1','menu.server.scheduledTask',1,'',0,'定时任务'),('p1200003','p1200002','log','TaskLog',1,'icon-rizhijilu','menu.server.taskLog',1,'scheduled-task',0,'任务日志'),('p1200004','p1200002','manage','TaskManage',2,'icon-fenlei1','menu.server.taskManage',1,'task-manage',0,'任务管理'),('p1300000','0','/content','Content',1,'icon-neirong','menu.server.content',1,'',0,'内容管理'),('p1400000','0','/interaction','Interaction',2,'icon-hudong','menu.server.interaction',1,'',0,'互动管理'),('p1500000','0','/security','Security',6,'icon-anquan1','menu.server.security',1,'',0,'安全管理'),('p1600000','0','/rag','RagManage',8,'icon-zhishiku1','menu.server.ragManage',1,'rag',0,'RAG'),('p1600001','p1600000','index','RagIndex',1,'icon-liebiao2','menu.server.ragIndex',1,'rag/index',0,'RAG 管理'),('p188880','0','/system','System',188,'icon-guanlishezhi','menu.server.system',1,'',0,'系统管理'),('p188881','p188880','/system/userManage','UserManage',188,'icon-yonghushezhi','menu.server.userManage',1,'UserManage',0,'用户管理'),('p188882','p188880','/system/menuManage','MenuManage',188,'icon-fenlei','menu.server.menuManage',1,'MenuManage',0,'菜单管理'),('p188883','p188880','/systeam/roleManage','RoleManage',3,'icon-fenlei','menu.server.roleManage',1,'RoleManage',0,'角色管理'),('p188884','p188880','/systeam/privilegeManage','PrivilegeManage',4,'icon-fenlei','menu.server.privilegeManage',1,'PrivilegeManage',0,'权限管理'),('p188885','p188880','/systeam/deptManage','DeptManage',4,'icon-fenlei','menu.server.deptManage',1,'DeptManage',0,'部门管理'),('p20000','p1300000','article','Article',1,'icon-biji','menu.server.article',1,'article',0,'文章管理'),('p200000','0','ext-apps','ExtApps',5,'icon-tuozhan','menu.server.extApps',1,'',0,'扩展应用'),('p20001','p20000','list','ArticleList',1,'icon-liebiao2','menu.server.articleList',1,'ArticleList',0,'文章列表'),('p20002','p20000','edit','ArticleEdit',1,'icon-liebiao2','menu.server.articleEdit',1,'ArticleEdit',0,'文章编辑'),('p200100','p200000','pay-order','PayOrder',1,'icon-zhifuguanli','menu.server.payOrder',1,'',0,'支付管理'),('p200200','p200000','rpg','RpgManage',2,'icon-rpg','menu.server.rpgManage',1,'',0,'RPG管理'),('p200201','p200200','achievement','RpgAchievement',1,'icon-chengjiu1','menu.server.rpgAchievement',1,'rpg/achievement',0,'成就管理'),('p200202','p200200','quest','RpgQuest',2,'icon-renwu4','menu.server.rpgQuest',1,'rpg/quest',0,'每日任务'),('p200203','p200200','lottery','RpgLottery',3,'icon-choujiang2','menu.server.rpgLottery',1,'rpg/lottery',0,'抽奖奖池'),('p200204','p200200','user','RpgUser',4,'icon-rpg-user','menu.server.rpgUser',1,'rpg/user',0,'用户数据'),('p200205','p200200','item-config','RpgItemConfig',5,'icon-wupin','menu.server.rpgItemConfig',1,'rpg/item-config',0,'系统物品'),('p200206','p200200','activity','RpgActivity',6,'icon-huodong','menu.server.rpgActivity',1,'rpg/activity',0,'活动赛季'),('p200207','p200200','guild','RpgGuild',7,'icon-gonghui','menu.server.rpgGuild',1,'rpg/guild',0,'公会管理'),('p200208','p200200','social-log','RpgSocialLog',8,'icon-liushui','menu.server.rpgSocialLog',1,'rpg/social-log',0,'打赏社交流水'),('p30000','p1300000','category','Category',2,'icon-fenlei1','menu.server.category',1,'category',0,'分类管理'),('p30001','p30000','list','CategoryList',1,'icon-liebiao2','menu.server.categoryList',1,'categoryList',0,'分类列表'),('p40000','p1300000','tag','Tag',3,'icon-biaoqian','menu.server.tag',1,'Tag',0,'标签管理'),('p40001','p40000','list','TagList',1,'icon-liebiao2','menu.server.tagList',1,'TagList',0,'标签列表'),('p50000','0','/user','User',2,'icon-gerenzhongxin1','menu.server.user',1,'',0,'个人中心'),('p50001','p50000','/user/set','UserSet',1,'icon-liebiao2','menu.server.userSet',1,'',0,'用户设置'),('p60000','p1400000','link','Link',3,'icon-lianjie','menu.server.link',1,'',0,'友情链接'),('p60001','p60000','list','LinkList',1,'icon-liebiao2','menu.server.linkList',1,'',0,'友链列表'),('p70000','p1400000','msgboard','Msgboard',2,'icon-xiaoxi','menu.server.msgboard',1,'',0,'留言板'),('p70001','p70000','list','MsgboardList',1,'icon-kefu','menu.server.msgboardList',1,'',0,'留言列表'),('p800000','p1300000','resource','Resources',4,'icon-wenjianjia1','menu.server.resource',1,'resources',0,'资源管理'),('p800001','p800000','list','ResourceList',1,'icon-fenlei','menu.server.resourceList',1,'resourceList',0,'资源列表'),('p900000','p1400000','comment','Comment',1,'icon-liuyanban','menu.server.comment',1,'',0,'评论管理'),('p900001','p900000','list','CommentList',1,'icon-fenlei','menu.server.commentList',1,'',0,'评论列表');
/*!40000 ALTER TABLE `x_menu` ENABLE KEYS */;
UNLOCK TABLES;

--
-- Dumping data for table `x_privilege`
--

LOCK TABLES `x_privilege` WRITE;
/*!40000 ALTER TABLE `x_privilege` DISABLE KEYS */;
INSERT INTO `x_privilege` (`createTime`, `updateTime`, `privilegeName`, `privilegeCode`, `privilegePage`, `id`, `isVisible`, `pathPattern`, `httpMethod`, `isPublic`, `requireOwnership`, `description`, `isDelete`, `version`) VALUES ('2026-01-16 09:42:39','2026-06-20 16:13:20','获取菜单列表','menu:list','p100000',1,1,'/admin/menu','GET',1,0,'获取菜单列表权限',0,0),('2026-01-16 09:42:39','2026-01-16 09:42:39','创建菜单','menu:create','p188882',2,1,'/admin/menu','POST',0,0,'创建菜单权限',0,0),('2026-01-16 09:42:39','2026-01-16 09:42:39','更新菜单','menu:update','p188882',3,1,'/admin/menu','PATCH',0,0,'更新菜单权限',0,0),('2026-01-16 09:42:39','2026-01-16 09:42:39','获取菜单详情','menu:detail','p188882',4,1,'/admin/menu/detail','GET',0,0,'获取菜单详情权限',0,0),('2026-01-16 09:42:39','2026-01-16 09:42:39','删除菜单','menu:delete','p188882',5,1,'/admin/menu','DELETE',0,0,'删除菜单权限',0,0),('2026-01-16 09:42:39','2026-06-20 16:13:20','用户登录','user:login','p100000',6,1,'/user/login','POST',1,0,'用户登录权限',0,0),('2026-01-16 09:42:39','2026-06-20 16:13:20','用户注册','user:register','p100000',7,1,'/user/register','POST',1,0,'用户注册权限',0,0),('2026-01-16 09:42:39','2026-06-20 16:13:20','获取验证码','user:auth-code','p100000',8,1,'/user/authCode','GET',1,0,'获取验证码权限',0,0),('2026-01-16 09:42:39','2026-06-20 16:13:20','刷新token','user:refresh','p100000',9,0,'/user/refresh','GET',1,0,'刷新token权限',0,0),('2026-01-16 09:42:39','2026-06-20 16:13:20','获取用户信息','user:info','p100000',10,1,'/user/info','GET',1,0,'获取用户信息权限',0,0),('2026-01-16 09:42:39','2026-01-16 09:42:39','获取用户列表','user:list','p188881',11,1,'/user/list','POST',0,0,'获取用户列表权限',0,0),('2026-01-16 09:42:39','2026-01-16 09:42:39','更新用户信息','user:edit','p188881',12,1,'/user/edit','PATCH',0,0,'更新用户信息权限',0,0),('2026-01-16 09:42:39','2026-01-16 09:42:39','更新用户状态','user:status','p188881',13,1,'/user/status','PATCH',0,0,'更新用户状态权限',0,0),('2026-01-16 09:42:39','2026-01-16 09:42:39','更新密码','user:password','p188881',14,1,'/user/password','PATCH',0,0,'更新密码权限',0,0),('2026-01-16 09:42:39','2026-01-16 09:42:39','重置密码','user:resetPassword','p188881',15,1,'/user/resetPassword','POST',0,0,'重置密码权限',0,0),('2026-01-16 09:42:39','2026-01-16 09:42:39','删除用户','user:delete','p188881',16,1,'/user','DELETE',0,0,'删除用户权限',0,0),('2026-01-16 09:42:39','2026-06-20 16:13:20','发送邮箱验证码','user:email-send-code','p100000',17,1,'/user/email/sendCode','POST',1,0,'发送邮箱验证码权限',0,0),('2026-01-16 09:42:39','2026-06-20 16:13:20','邮箱注册','user:email-register','p100000',18,1,'/user/email/register','POST',1,0,'邮箱注册权限',0,0),('2026-01-16 09:42:39','2026-06-20 16:13:20','邮箱登录','user:email-login','p100000',19,1,'/user/email/login','POST',1,0,'邮箱登录权限',0,0),('2026-01-16 09:42:39','2026-06-20 16:13:20','GitHub认证','user:github-auth','p100000',20,0,'/user/auth/github','GET',1,0,'GitHub认证权限',0,0),('2026-01-16 09:42:39','2026-06-20 16:13:20','GitHub授权回调','user:github-auth-redirect','p100000',21,0,'/user/auth/github/callback','GET',1,0,'GitHub授权回调权限',0,0),('2026-01-16 09:42:39','2026-06-20 16:13:20','获取文章列表','article:list','p100000',22,1,'/article/list','POST',1,0,'获取文章列表权限',0,0),('2026-01-16 09:42:39','2026-06-20 16:13:20','获取文章详情','article:info','p100000',23,1,'/article/info','GET',1,0,'获取文章详情权限',0,0),('2026-01-16 09:42:39','2026-01-16 09:42:39','创建文章','article:create','p20001',24,1,'/article/create','POST',0,0,'创建文章权限',0,0),('2026-01-16 09:42:39','2026-01-16 09:42:39','编辑文章','article:edit','p20002',25,1,'/article/edit','POST',0,0,'编辑文章权限',0,0),('2026-01-16 09:42:39','2026-01-16 09:42:39','删除文章','article:delete','p20001',26,1,'/article/delete','DELETE',0,0,'删除文章权限',0,0),('2026-01-16 09:42:39','2026-06-20 16:13:20','更新文章访问量','article:views','p100000',27,0,'/article/views','POST',1,0,'更新文章访问量权限',0,0),('2026-01-16 09:42:39','2026-06-20 16:13:20','更新文章点赞量','article:likes','p100000',28,0,'/article/likes','POST',1,0,'更新文章点赞量权限',0,0),('2026-01-16 09:42:39','2026-01-16 09:42:39','禁用文章','article:disabled','p20001',29,1,'/article/disabled','PATCH',0,0,'禁用文章权限',0,0),('2026-01-16 09:42:39','2026-01-16 09:42:39','置顶文章','article:topping','p20001',30,1,'/article/topping','PATCH',0,0,'置顶文章权限',0,0),('2026-01-16 09:42:39','2026-06-20 16:13:20','获取文章归档','article:archives','p100000',31,1,'/article/archives','GET',1,0,'获取文章归档权限',0,0),('2026-01-16 09:42:39','2026-06-20 16:13:20','获取文章统计','article:statistics','p100000',32,1,'/article/statistics','GET',1,0,'获取文章统计权限',0,0),('2026-01-16 09:42:39','2026-06-20 16:13:20','获取分类列表','category:list','p100000',33,1,'/category','GET',1,0,'获取分类列表权限',0,0),('2026-01-16 09:42:39','2026-01-16 09:42:39','创建分类','category:create','p30001',34,1,'/category','POST',0,0,'创建分类权限',0,0),('2026-01-16 09:42:39','2026-01-16 09:42:39','获取分类详情','category:detail','p30001',35,1,'/category/:id','GET',0,0,'获取分类详情权限',0,0),('2026-01-16 09:42:39','2026-01-16 09:42:39','更新分类','category:update','p30001',36,1,'/category/:id','PATCH',0,0,'更新分类权限',0,0),('2026-01-16 09:42:39','2026-01-16 09:42:39','删除分类','category:delete','p30001',37,1,'/category/:id','DELETE',0,0,'删除分类权限',0,0),('2026-01-16 09:42:39','2026-06-20 16:13:20','获取标签列表','tag:list','p100000',38,1,'/tag','GET',1,0,'获取标签列表权限',0,0),('2026-01-16 09:42:39','2026-01-16 09:42:39','创建标签','tag:create','p40001',39,1,'/tag','POST',0,0,'创建标签权限',0,0),('2026-01-16 09:42:39','2026-01-16 09:42:39','获取标签详情','tag:detail','p40001',40,1,'/tag/:id','GET',0,0,'获取标签详情权限',0,0),('2026-01-16 09:42:39','2026-06-20 16:13:20','获取标签文章','tag:article','p100000',41,1,'/tag/:id/article','GET',1,0,'获取标签文章权限',0,0),('2026-01-16 09:42:39','2026-01-16 09:42:39','更新标签','tag:update','p40001',42,1,'/tag/:id','PATCH',0,0,'更新标签权限',0,0),('2026-01-16 09:42:39','2026-01-16 09:42:39','删除标签','tag:delete','p40001',43,1,'/tag/:id','DELETE',0,0,'删除标签权限',0,0),('2026-01-16 09:42:39','2026-06-20 16:13:20','创建评论','comment:create','p100000',44,1,'/comment/create','POST',1,0,'创建评论权限',0,0),('2026-01-16 09:42:39','2026-01-16 09:42:39','删除评论','comment:delete','p900001',45,1,'/comment/delete','DELETE',0,0,'删除评论权限',0,0),('2026-01-16 09:42:39','2026-06-20 16:13:20','获取文章评论','comment:find-all','p100000',46,1,'/comment/findAll','GET',1,0,'获取文章评论权限',0,0),('2026-01-16 09:42:39','2026-06-20 16:13:20','创建回复','reply:create','p100000',47,1,'/reply/create','POST',1,0,'创建回复权限',0,0),('2026-01-16 09:42:39','2026-06-20 16:13:20','删除回复','reply:delete','p100000',48,1,'/reply/delete','DELETE',1,0,'删除回复权限',0,0),('2026-01-16 09:42:39','2026-01-16 09:42:39','获取文章回复','reply:find-all','p900001',49,1,'/reply/findAll','GET',0,0,'获取文章回复权限',0,0),('2026-01-16 09:42:39','2026-06-20 16:13:20','更新点赞','like:update','p100000',50,1,'/like','POST',1,0,'更新点赞权限',0,0),('2026-01-16 09:42:39','2026-06-20 16:13:20','收藏文章','collect:add','p100000',51,1,'/collect/:id','GET',1,0,'收藏文章权限',0,0),('2026-01-16 09:42:39','2026-06-20 16:13:20','取消收藏文章','collect:cancel','p100000',52,1,'/collect/:id','DELETE',1,0,'取消收藏文章权限',0,0),('2026-01-16 09:42:39','2026-06-20 16:13:20','获取收藏文章','collect:find-all','p100000',53,1,'/collect','GET',1,0,'获取收藏文章权限',0,0),('2026-01-16 09:42:39','2026-06-20 16:13:20','创建留言','msgboard:create','p100000',54,1,'/msgboard','POST',1,0,'创建留言权限',0,0),('2026-01-16 09:42:39','2026-06-20 16:13:20','获取留言列表','msgboard:list','p100000',55,1,'/msgboard','GET',1,0,'获取留言列表权限',0,0),('2026-01-16 09:42:39','2026-01-16 09:42:39','删除留言','msgboard:delete','p70001',56,1,'/msgboard/delete','POST',0,0,'删除留言权限',0,0),('2026-01-16 09:42:39','2026-06-20 16:13:20','上传大文件','file:upload-big','p100000',57,1,'/file/uploadBigFile','POST',1,0,'上传大文件权限',0,0),('2026-01-16 09:42:39','2026-06-20 16:13:20','获取每日图片','resources:daily-img','p100000',58,1,'/resources/daily-img','GET',1,0,'获取每日图片权限',0,0),('2026-01-16 09:42:39','2026-06-20 16:13:20','获取百度统计','resources:baidu-tongji','p100000',59,1,'/resources/baidutongji','GET',1,0,'获取百度统计权限',0,0),('2026-01-16 09:42:39','2026-06-20 16:13:20','获取天气信息','resources:weather','p100000',60,1,'/resources/weather','GET',1,0,'获取天气信息权限',0,0),('2026-01-16 09:42:39','2026-01-16 09:42:39','上传文件','resources:upload-file','p800001',61,1,'/resources/uploadFile','POST',0,0,'上传文件权限',0,0),('2026-01-16 09:42:39','2026-01-16 09:42:39','获取所有文件','resources:files-list','p800001',62,1,'/resources/files','GET',0,0,'获取所有文件权限',0,0),('2026-01-16 09:42:39','2026-01-16 09:42:39','获取指定文件','resources:file-detail','p800001',63,0,'/resources/file:id','GET',0,0,'获取指定文件权限',0,0),('2026-01-16 09:42:39','2026-01-16 09:42:39','删除文件','resources:file-delete','p800001',64,1,'/resources/file','DELETE',0,0,'删除文件权限',0,0),('2026-01-16 09:42:39','2026-01-16 09:42:39','增加文件夹','resources:folder-add','p800001',65,1,'/resources/folder','POST',0,0,'增加文件夹权限',0,0),('2026-01-16 09:42:39','2026-01-16 09:42:39','更新文件','resources:file-update','p800001',66,1,'/resources/file','PATCH',0,0,'更新文件权限',0,0),('2026-01-16 09:42:39','2026-06-20 16:13:20','创建交易','pay:trade-create','p100000',67,1,'/pay/trade/create','POST',1,0,'创建交易权限',0,0),('2026-01-16 09:42:39','2026-06-20 16:13:20','查询交易','pay:trade-query','p100000',68,1,'/pay/trade/query','GET',1,0,'查询交易权限',0,0),('2026-01-16 09:42:39','2026-06-20 16:13:20','退款交易','pay:trade-refund','p100000',69,1,'/pay/trade/refund','POST',1,0,'退款交易权限',0,0),('2026-01-16 09:42:39','2026-06-20 16:13:20','关闭交易','pay:trade-close','p100000',70,1,'/pay/trade/close','POST',1,0,'关闭交易权限',0,0),('2026-01-16 09:42:39','2026-06-20 16:13:20','获取OpenId','pay:get-openid','p100000',71,1,'/pay/openid','POST',1,0,'获取OpenId权限',0,0),('2026-01-16 09:42:39','2026-06-20 16:13:20','生成H5小程序链接','pay:h5-open-mini','p100000',72,1,'/pay/h5-open-mini','POST',1,0,'生成H5小程序链接权限',0,0),('2026-01-16 09:42:39','2026-01-16 09:58:57','AI流请求','pub:ai-stream','p100000',73,1,'/pub/ai-stream','POST',1,0,'AI流请求权限',0,0),('2026-01-16 09:42:39','2026-06-20 16:13:20','获取验证码','captcha:get','p100000',74,1,'/captcha','GET',1,0,'获取验证码权限',0,0),('2026-01-16 09:42:39','2026-06-20 16:13:20','验证验证码','captcha:verify','p100000',75,1,'/captcha/verify','POST',1,0,'验证验证码权限',0,0),('2026-01-16 09:42:39','2026-01-16 10:21:15','获取首页','app:home','p100000',76,1,'/','GET',1,0,'获取首页权限',0,0),('2026-01-16 09:42:39','2026-01-16 10:21:15','重定向地址','app:redirect','p100000',77,0,'/redirect','GET',1,0,'重定向地址权限',0,0),('2026-01-16 09:42:39','2026-01-16 09:42:39','获取菜单权限树形数据','role:menu-privilege-tree','p188883',78,1,'/role/menu-privilege-tree','GET',0,0,'获取菜单权限树形数据权限',0,0),('2026-01-16 09:42:39','2026-01-16 09:42:39','创建角色','role:create','p188883',79,1,'/role','POST',0,0,'创建角色权限',0,0),('2026-01-16 09:42:39','2026-01-16 09:42:39','获取角色列表','role:list','p188883',80,1,'/role','GET',0,0,'获取角色列表权限',0,0),('2026-01-16 09:42:39','2026-01-16 09:42:39','获取角色详情','role:detail','p188883',81,1,'/role/:id','GET',0,0,'获取角色详情权限',0,0),('2026-01-16 09:42:39','2026-01-16 09:42:39','更新角色','role:update','p188883',82,1,'/role/:id','PATCH',0,0,'更新角色权限',0,0),('2026-01-16 09:42:39','2026-01-16 09:42:39','删除角色','role:delete','p188883',83,1,'/role/:id','DELETE',0,0,'删除角色权限',0,0),('2026-01-16 09:42:39','2026-01-16 10:18:16','创建部门','dept:create','p188885',84,1,'/dept','POST',0,0,'创建部门权限',0,0),('2026-01-16 09:42:39','2026-01-16 10:18:16','获取部门列表','dept:list','p188885',85,1,'/dept','GET',0,0,'获取部门列表权限',0,0),('2026-01-16 09:42:39','2026-01-16 10:18:16','获取部门树形数据','dept:tree','p188885',86,1,'/dept/tree','GET',0,0,'获取部门树形数据权限',0,0),('2026-01-16 09:42:39','2026-01-16 10:18:16','获取部门详情','dept:detail','p188885',87,1,'/dept/:id','GET',0,0,'获取部门详情权限',0,0),('2026-01-16 09:42:39','2026-01-16 10:18:16','更新部门','dept:update','p188885',88,1,'/dept/:id','PATCH',0,0,'更新部门权限',0,0),('2026-01-16 09:42:39','2026-01-16 10:18:16','删除部门','dept:delete','p188885',89,1,'/dept/:id','DELETE',0,0,'删除部门权限',0,0),('2026-01-16 09:42:39','2026-01-16 10:19:04','创建权限','privilege:create','p188884',90,1,'/privilege','POST',0,0,'创建权限数据权限',0,0),('2026-01-16 09:42:39','2026-01-16 10:19:04','获取权限列表','privilege:list','p188884',91,1,'/privilege','GET',0,0,'获取权限列表权限',0,0),('2026-01-16 09:42:39','2026-01-16 10:19:04','获取权限详情','privilege:detail','p188884',92,1,'/privilege/:id','GET',0,0,'获取权限详情权限',0,0),('2026-01-16 09:42:39','2026-01-16 10:19:04','更新权限','privilege:update','p188884',93,1,'/privilege/:id','PATCH',0,0,'更新权限数据权限',0,0),('2026-01-16 09:42:39','2026-01-16 10:19:04','删除权限','privilege:delete','p188884',94,1,'/privilege/:id','DELETE',0,0,'删除权限数据权限',0,0),('2026-01-19 02:00:00','2026-06-20 16:13:20','创建外链','link:create','p100000',95,1,'/link','POST',1,0,'创建外链权限',0,0),('2026-01-19 02:00:00','2026-01-19 02:00:00','获取外链详情','link:detail','p60001',96,1,'/link/:id','GET',0,0,'获取外链详情权限',0,0),('2026-01-19 02:00:00','2026-06-20 16:13:20','获取外链列表','link:list','p100000',97,1,'/link','GET',1,0,'获取外链列表权限',0,0),('2026-01-19 02:00:00','2026-01-19 02:00:00','更新外链','link:update','p60001',98,1,'/link/:id','PATCH',0,0,'更新外链权限',0,0),('2026-01-19 02:00:00','2026-01-19 02:00:00','删除外链','link:delete','p60001',99,1,'/link','DELETE',0,0,'删除外链权限',0,0),('2026-06-06 07:55:26','2026-06-20 16:13:20','查询操作日志','operation-log:list','p100000',102,1,'/operation-log','GET',1,0,'查询操作日志列表权限',0,0),('2026-06-06 07:55:26','2026-06-07 06:19:36','清理操作日志','operation-log:clean','p1200001',103,1,'/operation-log/clean','DELETE',0,0,'清理历史操作日志权限',0,0),('2026-06-06 08:21:17','2026-06-17 15:48:52','查询任务日志','scheduled-task:list','p1200003',104,1,'/scheduled-task','GET',0,0,'查询定时任务执行日志列表权限',0,0),('2026-06-07 06:19:45','2026-06-17 16:06:11','任务管理列表','scheduled-task:tasks:all','p1200004',105,1,'/scheduled-task/tasks/all','GET',0,0,'获取所有定时任务列表及运行状态',0,0),('2026-06-07 06:19:45','2026-06-17 16:43:06','获取定时任务状态','scheduled-task:status','p1200004',106,1,'/scheduled-task/status/:taskName','GET',0,0,'获取指定任务运行状态',0,0),('2026-06-07 06:19:45','2026-06-17 16:43:13','手动触发定时任务','scheduled-task:trigger','p1200004',107,1,'/scheduled-task/trigger/:taskName','POST',0,0,'手动触发指定定时任务',0,0),('2026-06-07 06:19:45','2026-06-07 06:19:45','停止定时任务','scheduled-task:stop','p1200004',108,1,'/scheduled-task/stop/:taskName','POST',0,0,'停止指定定时任务',0,0),('2026-06-07 06:19:45','2026-06-07 06:19:45','启动定时任务','scheduled-task:start','p1200004',109,1,'/scheduled-task/start/:taskName','POST',0,0,'启动指定定时任务',0,0),('2026-06-07 09:33:58','2026-06-13 18:47:27','获取订单列表','pay-order:list','p200100',110,1,'/pay/order/list','GET',0,0,'分页查询支付订单列表权限',0,0),('2026-06-07 09:33:58','2026-06-13 18:47:28','创建支付订单','pay-order:create','p200100',111,1,'/pay/order/create','POST',0,0,'创建支付订单并调用第三方支付权限',0,0),('2026-06-07 09:33:58','2026-06-13 18:47:28','退款','pay-order:refund','p200100',112,1,'/pay/order/refund','POST',0,0,'对已支付订单发起退款权限',0,0),('2026-06-07 09:33:58','2026-06-13 18:47:28','关单','pay-order:close','p200100',113,1,'/pay/order/close','POST',0,0,'关闭待支付或失败订单权限',0,0),('2026-06-07 09:33:58','2026-06-13 18:47:28','查询订单状态','pay-order:query','p200100',114,1,'/pay/order/query','GET',0,0,'主动查询第三方支付订单状态并更新权限',0,0),('2026-06-12 10:19:27','2026-06-12 10:19:27','RPG成就列表(管理)','admin:rpg:achievement:list','p200201',115,1,'/admin/rpg/achievements','GET',0,0,'管理端-成就列表',0,0),('2026-06-12 10:19:27','2026-06-12 10:19:27','RPG成就创建(管理)','admin:rpg:achievement:create','p200201',116,1,'/admin/rpg/achievements','POST',0,0,'管理端-创建成就',0,0),('2026-06-12 10:19:27','2026-06-12 10:19:27','RPG成就修改(管理)','admin:rpg:achievement:update','p200201',117,1,'/admin/rpg/achievements/:id','PATCH',0,0,'管理端-修改成就',0,0),('2026-06-12 10:19:27','2026-06-12 10:19:27','RPG成就删除(管理)','admin:rpg:achievement:delete','p200201',118,1,'/admin/rpg/achievements/:id','DELETE',0,0,'管理端-删除成就',0,0),('2026-06-12 10:19:27','2026-06-12 10:19:27','RPG任务列表(管理)','admin:rpg:quest:list','p200202',119,1,'/admin/rpg/quests','GET',0,0,'管理端-任务列表',0,0),('2026-06-12 10:19:27','2026-06-12 10:19:27','RPG任务创建(管理)','admin:rpg:quest:create','p200202',120,1,'/admin/rpg/quests','POST',0,0,'管理端-创建任务',0,0),('2026-06-12 10:19:27','2026-06-12 10:19:27','RPG任务修改(管理)','admin:rpg:quest:update','p200202',121,1,'/admin/rpg/quests/:id','PATCH',0,0,'管理端-修改任务',0,0),('2026-06-12 10:19:27','2026-06-12 10:19:27','RPG任务删除(管理)','admin:rpg:quest:delete','p200202',122,1,'/admin/rpg/quests/:id','DELETE',0,0,'管理端-删除任务',0,0),('2026-06-12 10:19:27','2026-06-12 10:19:27','RPG奖池列表(管理)','admin:rpg:lottery:list','p200203',123,1,'/admin/rpg/lottery/pool','GET',0,0,'管理端-奖池列表',0,0),('2026-06-12 10:19:27','2026-06-12 10:19:27','RPG奖池创建(管理)','admin:rpg:lottery:create','p200203',124,1,'/admin/rpg/lottery/pool','POST',0,0,'管理端-创建奖池',0,0),('2026-06-12 10:19:27','2026-06-12 10:19:27','RPG奖池修改(管理)','admin:rpg:lottery:update','p200203',125,1,'/admin/rpg/lottery/pool/:id','PATCH',0,0,'管理端-修改奖池',0,0),('2026-06-12 10:19:27','2026-06-12 10:19:27','RPG奖池删除(管理)','admin:rpg:lottery:delete','p200203',126,1,'/admin/rpg/lottery/pool/:id','DELETE',0,0,'管理端-删除奖池',0,0),('2026-06-12 10:19:27','2026-06-12 10:19:27','RPG抽奖记录(管理)','admin:rpg:lottery:records','p200203',127,1,'/admin/rpg/lottery/records','GET',0,0,'管理端-抽奖记录',0,0),('2026-06-12 10:19:27','2026-06-12 10:19:27','RPG用户列表(管理)','admin:rpg:user:list','p200204',128,1,'/admin/rpg/users','GET',0,0,'管理端-用户RPG列表',0,0),('2026-06-12 10:19:27','2026-06-12 10:19:27','RPG用户详情(管理)','admin:rpg:user:detail','p200204',129,1,'/admin/rpg/users/:uid','GET',0,0,'管理端-用户RPG详情',0,0),('2026-06-12 10:19:27','2026-06-12 10:19:27','RPG统计概览(管理)','admin:rpg:stats','p200204',130,1,'/admin/rpg/stats','GET',0,0,'管理端-统计概览',0,0),('2026-06-12 10:19:27','2026-06-12 10:19:27','RPG物品列表(管理)','admin:rpg:item:list','p200205',131,1,'/admin/rpg/items','GET',0,0,'管理端-系统物品列表',0,0),('2026-06-12 10:19:27','2026-06-12 10:19:27','RPG物品创建(管理)','admin:rpg:item:create','p200205',132,1,'/admin/rpg/items','POST',0,0,'管理端-创建系统物品',0,0),('2026-06-12 10:19:27','2026-06-12 10:19:27','RPG物品修改(管理)','admin:rpg:item:update','p200205',133,1,'/admin/rpg/items/:id','PATCH',0,0,'管理端-修改系统物品',0,0),('2026-06-12 10:19:27','2026-06-12 10:19:27','RPG物品删除(管理)','admin:rpg:item:delete','p200205',134,1,'/admin/rpg/items/:id','DELETE',0,0,'管理端-删除系统物品',0,0),('2026-06-12 10:19:27','2026-06-12 10:19:27','RPG活动列表(管理)','admin:rpg:activity:list','p200206',135,1,'/admin/rpg/activities','GET',0,0,'管理端-活动列表',0,0),('2026-06-12 10:19:27','2026-06-12 10:19:27','RPG活动创建(管理)','admin:rpg:activity:create','p200206',136,1,'/admin/rpg/activities','POST',0,0,'管理端-创建活动',0,0),('2026-06-12 10:19:27','2026-06-12 10:19:27','RPG活动修改(管理)','admin:rpg:activity:update','p200206',137,1,'/admin/rpg/activities/:id','PATCH',0,0,'管理端-修改活动',0,0),('2026-06-12 10:19:27','2026-06-12 10:19:27','RPG活动删除(管理)','admin:rpg:activity:delete','p200206',138,1,'/admin/rpg/activities/:id','DELETE',0,0,'管理端-删除活动',0,0),('2026-06-12 10:19:27','2026-06-12 10:19:27','RPG公会列表(管理)','admin:rpg:guild:list','p200207',139,1,'/admin/rpg/guilds','GET',0,0,'管理端-公会列表',0,0),('2026-06-12 10:19:27','2026-06-12 10:19:27','RPG公会解散(管理)','admin:rpg:guild:delete','p200207',140,1,'/admin/rpg/guilds/:id','DELETE',0,0,'管理端-解散公会',0,0),('2026-06-12 10:19:27','2026-06-12 10:19:27','RPG打赏流水(管理)','admin:rpg:tip:list','p200208',141,1,'/admin/rpg/tips','GET',0,0,'管理端-打赏流水',0,0),('2026-06-12 10:19:27','2026-06-12 10:19:27','RPG社交流水(管理)','admin:rpg:social:list','p200208',142,1,'/admin/rpg/social-logs','GET',0,0,'管理端-社交流水',0,0),('2026-06-13 10:11:28','2026-06-13 10:11:28','获取角色数据范围','role:data-scope:read','p188884',171,1,'/role/:id/data-scope','GET',0,0,'获取角色机构数据范围配置',0,0),('2026-06-13 10:11:28','2026-06-13 10:11:28','更新角色数据范围','role:data-scope:update','p188884',172,1,'/role/:id/data-scope','PUT',0,0,'更新角色机构数据范围配置',0,0),('2026-06-13 17:23:03','2026-06-20 16:13:20','公开用户收藏','user:public:collects','p100000',173,1,'/user/public/:uid/collects','GET',1,0,'公开用户收藏文章列表',0,0),('2026-06-13 17:23:03','2026-06-20 16:13:20','公开用户点赞','user:public:likes','p100000',174,1,'/user/public/:uid/likes','GET',1,0,'公开用户点赞文章列表',0,0),('2026-06-13 17:23:11','2026-06-20 16:13:20','收藏切换','collect:toggle','p100000',175,1,'/collect','POST',1,0,'收藏/取消收藏',0,0),('2026-06-13 17:23:11','2026-06-20 16:13:20','我的收藏列表','collect:list','p100000',176,1,'/collect/list','GET',1,0,'分页获取当前用户收藏',0,0),('2026-06-13 17:23:11','2026-06-20 16:13:20','检查是否已收藏','collect:check','p100000',177,1,'/collect/check','GET',1,0,'检查当前用户是否已收藏文章',0,0),('2026-06-13 17:23:11','2026-06-20 16:13:20','文章收藏数','collect:count','p100000',178,1,'/collect/count','GET',1,0,'获取文章收藏总数',0,0),('2026-06-08 13:04:23','2026-06-20 16:13:20','RPG完整状态','rpg:status','p100000',179,1,'/rpg/status','GET',1,0,'获取RPG完整状态',0,0),('2026-06-08 00:48:24','2026-06-20 16:13:20','RPG禁言状态','rpg:ban-status','p100000',180,1,'/rpg/ban-status','GET',1,0,'获取禁言状态',0,0),('2026-06-10 02:19:54','2026-06-20 16:13:20','我的文章列表','article:my-list','p100000',181,1,'/article/my-list','GET',1,0,'获取当前用户编写的文章列表',0,0),('2026-06-09 13:10:22','2026-06-20 16:13:20','我的回复列表','reply:my-list','p100000',182,1,'/reply/my-list','GET',1,0,'获取当前用户回复列表',0,0),('2026-06-09 13:10:22','2026-06-20 16:13:20','我的评论列表','comment:my-list','p100000',188,1,'/comment/my-list','GET',1,0,'获取当前用户评论列表',0,0),('2026-06-13 18:47:26','2026-06-13 18:47:26','RPG用户充值(超管)','admin:rpg:user:recharge','p200204',189,1,'/admin/rpg/users/:uid/recharge','POST',0,0,'超管为用户充值钻石/碎片',0,0),('2026-06-13 18:47:26','2026-06-20 16:13:20','RPG成就列表','rpg:achievements:list','p100000',190,0,'/rpg/achievements','GET',1,0,'获取所有成就定义',0,0),('2026-06-13 18:47:26','2026-06-20 16:13:20','RPG当前活动','rpg:activities:current','p100000',191,1,'/rpg/activities/current','GET',1,0,'当前活动',0,0),('2026-06-13 18:47:26','2026-06-20 16:13:20','RPG活动列表','rpg:activities:list','p100000',192,1,'/rpg/activities','GET',1,0,'活动列表',0,0),('2026-06-13 18:47:26','2026-06-20 16:13:20','RPG分享赛季海报','rpg:activities:share-poster','p100000',193,1,'/rpg/activities/share-poster','POST',1,0,'RPG分享赛季海报',0,0),('2026-06-13 18:47:26','2026-06-20 16:13:20','RPG文章打赏','rpg:article:tip','p100000',194,1,'/rpg/article/tip','POST',1,0,'文章打赏',0,0),('2026-06-13 18:47:26','2026-06-20 16:13:20','RPG Buff激活','rpg:buff:activate','p100000',195,1,'/rpg/buff/:id/activate','POST',1,0,'激活Buff',0,0),('2026-06-13 18:47:26','2026-06-20 16:13:20','RPG Buff停用','rpg:buff:deactivate','p100000',196,1,'/rpg/buff/:id/deactivate','POST',1,0,'停用Buff',0,0),('2026-06-13 18:47:26','2026-06-20 16:13:20','RPG公会公告','rpg:guild:announcement','p100000',197,1,'/rpg/guild/:id/announcement','PATCH',1,0,'修改公会公告',0,0),('2026-06-13 18:47:26','2026-06-20 16:13:20','RPG创建公会','rpg:guild:create','p100000',198,1,'/rpg/guild/create','POST',1,0,'创建公会',0,0),('2026-06-13 18:47:26','2026-06-20 16:13:20','RPG公会详情','rpg:guild:detail','p100000',199,1,'/rpg/guild/:id','GET',1,0,'公会详情',0,0),('2026-06-13 18:47:26','2026-06-20 16:13:20','RPG加入公会','rpg:guild:join','p100000',200,1,'/rpg/guild/join','POST',1,0,'加入公会',0,0),('2026-06-13 18:47:26','2026-06-20 16:13:20','RPG离开公会','rpg:guild:leave','p100000',201,1,'/rpg/guild/leave','POST',1,0,'离开公会',0,0),('2026-06-13 18:47:26','2026-06-20 16:13:20','RPG我的公会','rpg:guild:my','p100000',202,1,'/rpg/guild/my','GET',1,0,'我的公会',0,0),('2026-06-13 18:47:26','2026-06-20 16:13:20','RPG公会列表','rpg:guilds:list','p100000',203,1,'/rpg/guilds','GET',1,0,'公会列表',0,0),('2026-06-13 18:47:26','2026-06-20 16:13:20','RPG敏感词命中记录','rpg:hit-records','p100000',204,1,'/rpg/hit-records','GET',1,0,'C端使用',0,0),('2026-06-13 18:47:26','2026-06-20 16:13:20','RPG背包','rpg:inventory','p100000',205,1,'/rpg/inventory','GET',1,0,'获取背包',0,0),('2026-06-13 18:47:26','2026-06-20 16:13:20','RPG排行榜','rpg:leaderboard','p100000',206,0,'/rpg/leaderboard','GET',1,0,'获取RPG排行榜',0,0),('2026-06-13 18:47:26','2026-06-20 16:13:20','RPG等级奖励配置','rpg:level-rewards','p100000',207,1,'/rpg/level-rewards','GET',1,0,'获取等级奖励配置',0,0),('2026-06-13 18:47:26','2026-06-20 16:13:20','RPG穿戴详情','rpg:loadout','p100000',208,1,'/rpg/loadout','GET',1,0,'获取穿戴详情',0,0),('2026-06-13 18:47:26','2026-06-20 16:13:20','RPG穿戴','rpg:loadout:equip','p100000',209,1,'/rpg/loadout/equip','POST',1,0,'穿戴物品',0,0),('2026-06-13 18:47:26','2026-06-20 16:13:20','RPG卸下','rpg:loadout:unequip','p100000',210,1,'/rpg/loadout/unequip','POST',1,0,'卸下物品',0,0),('2026-06-13 18:47:26','2026-06-20 16:13:20','RPG抽奖','rpg:lottery:draw','p100000',211,0,'/rpg/lottery/draw','POST',1,0,'执行抽奖',0,0),('2026-06-13 18:47:27','2026-06-20 16:13:20','RPG抽奖记录','rpg:lottery:history','p100000',212,0,'/rpg/lottery/history','GET',1,0,'获取抽奖记录',0,0),('2026-06-13 18:47:27','2026-06-20 16:13:20','RPG抽奖奖池','rpg:lottery:pool','p100000',213,0,'/rpg/lottery/pool','GET',1,0,'获取抽奖奖池配置',0,0),('2026-06-13 18:47:27','2026-06-20 16:13:20','RPG抽奖券','rpg:lottery:tickets','p100000',214,0,'/rpg/lottery/tickets','GET',1,0,'获取抽奖券数量',0,0),('2026-06-13 18:47:27','2026-06-20 16:13:20','RPG我的成就','rpg:my-achievements','p100000',215,0,'/rpg/my-achievements','GET',1,0,'获取当前用户成就进度',0,0),('2026-06-13 18:47:27','2026-06-20 16:13:20','RPG我的Buff','rpg:my-buffs','p100000',216,0,'/rpg/my-buffs','GET',1,0,'获取当前有效Buff',0,0),('2026-06-13 18:47:27','2026-06-20 16:13:20','RPG我的任务','rpg:my-quests','p100000',217,0,'/rpg/my-quests','GET',1,0,'获取当天任务进度',0,0),('2026-06-13 18:47:27','2026-06-20 16:13:20','RPG宠物图鉴','rpg:pets:catalog','p100000',218,1,'/rpg/pets/catalog','GET',1,0,'宠物图鉴',0,0),('2026-06-13 18:47:27','2026-06-20 16:13:20','RPG宠物碎片兑换','rpg:pets:exchange','p100000',219,1,'/rpg/pets/exchange','POST',1,0,'RPG宠物碎片兑换',0,0),('2026-06-13 18:47:27','2026-06-20 16:13:20','RPG宠物列表','rpg:pets:list','p100000',220,1,'/rpg/pets','GET',1,0,'我的宠物',0,0),('2026-06-13 18:47:27','2026-06-20 16:13:20','RPG宠物改名','rpg:pets:rename','p100000',221,1,'/rpg/pets/:id/rename','PATCH',1,0,'宠物改名',0,0),('2026-06-13 18:47:27','2026-06-20 16:13:20','RPG召唤宠物','rpg:pets:summon','p100000',222,1,'/rpg/pets/summon','POST',1,0,'召唤宠物',0,0),('2026-06-13 18:47:27','2026-06-20 16:13:20','公开RPG状态','rpg:public:status','p100000',223,1,'/rpg/public/:uid/status','GET',1,0,'公开用户RPG状态',0,0),('2026-06-13 18:47:27','2026-06-20 16:13:20','RPG任务统计','rpg:quest-stats','p100000',224,0,'/rpg/quest-stats','GET',1,0,'获取任务统计',0,0),('2026-06-13 18:47:27','2026-06-20 16:13:20','RPG领取任务奖励','rpg:quest:claim','p100000',225,0,'/rpg/quest/claim','POST',1,0,'领取任务奖励',0,0),('2026-06-13 18:47:27','2026-06-20 16:13:20','RPG每日任务列表','rpg:quests:list','p100000',226,0,'/rpg/quests','GET',1,0,'获取活跃每日任务',0,0),('2026-06-13 18:47:27','2026-06-20 16:13:20','RPG角色专属奖励','rpg:role-rewards','p100000',227,0,'/rpg/role-rewards','GET',1,0,'获取角色专属奖励配置',0,0),('2026-06-13 18:47:27','2026-06-20 16:13:20','RPG签到','rpg:sign','p100000',228,1,'/rpg/sign','POST',1,0,'RPG每日签到接口',0,0),('2026-06-13 18:47:27','2026-06-20 16:13:20','RPG签到信息','rpg:sign-info','p100000',229,1,'/rpg/sign-info','GET',1,0,'获取签到信息',0,0),('2026-06-13 18:47:27','2026-06-20 16:13:20','RPG社交加油','rpg:social:cheer','p100000',230,1,'/rpg/social/cheer','POST',1,0,'加油',0,0),('2026-06-13 18:47:27','2026-06-20 16:13:20','RPG社交鸡蛋','rpg:social:egg','p100000',231,1,'/rpg/social/egg','POST',1,0,'扔鸡蛋',0,0),('2026-06-13 18:47:27','2026-06-20 16:13:20','RPG社交鲜花','rpg:social:flower','p100000',232,1,'/rpg/social/flower','POST',1,0,'送鲜花',0,0),('2026-06-13 18:47:27','2026-06-20 16:13:20','RPG天气Buff','rpg:weather-buff','p100000',233,1,'/rpg/weather-buff','GET',1,0,'RPG天气Buff',0,0),('2026-06-13 18:47:27','2026-06-20 16:13:20','公开用户文章','user:public:articles','p100000',234,1,'/user/public/:uid/articles','GET',1,0,'公开用户主页文章列表',0,0),('2026-06-13 18:47:27','2026-06-20 16:13:20','公开用户资料','user:public:profile','p100000',235,1,'/user/public/:uid','GET',1,0,'公开用户主页资料',0,0),('2026-06-14 06:26:43','2026-06-20 16:13:20','注册可选头像','resources:registerAvatars','p100000',236,1,'/resources/register-avatars','GET',1,0,'注册页获取可选头像，无需登录',0,0),('2026-06-15 11:46:45','2026-06-20 16:13:20','注册头像上传','resources:upload-media:register','p100000',237,1,'/resources/upload-media/register-avatar','POST',1,0,'注册页上传头像，无需登录',0,0),('2026-06-15 11:47:06','2026-06-20 16:13:20','OAuth ticket 兑换','user:oauth:ticket:exchange','p100000',238,0,'/user/auth/ticket/exchange','POST',1,0,'OAuth 登录一次性 ticket 换取 token',0,0),('2026-06-15 11:48:31','2026-06-20 16:13:20','注册可选头像','resources:registerAvatars','p100000',239,1,'/resources/register-avatars','GET',1,0,'注册页获取可选头像，无需登录',0,0),('2026-06-16 09:47:28','2026-06-16 09:47:28','用户媒体上传','resources:upload-media','p800001',240,1,'/resources/upload-media','POST',0,0,'登录用户上传头像/封面/正文图',0,0),('2026-06-17 15:55:59','2026-06-20 16:13:20','任务管理清除redis缓存','scheduled-task:cache:clear','p100000',241,1,'/scheduled-task/cache/clear-permissions','POST',1,0,'',0,0),('2026-06-17 16:07:32','2026-06-17 16:07:32','任务日志任务类型字典','scheduled-task:tasks','p1200003',242,1,'/scheduled-task/tasks','GET',0,0,'',0,0),('2026-06-17 16:12:45','2026-06-17 16:12:45','管理端评论列表','comment:admin','p900001',243,1,'/comment/admin','GET',0,0,'管理的评论列表。',0,0),('2026-06-17 16:16:08','2026-06-17 16:16:08','敏感词列表','sensitive-word:list','p1100001',244,1,'/sensitive-word','GET',0,0,'敏感词列表',0,0),('2026-06-17 16:18:02','2026-06-17 16:18:02','敏感词新增','sensitive-word:add','p1100001',245,1,'/sensitive-word','POST',0,0,'敏感词新增',0,0),('2026-06-17 16:18:36','2026-06-17 16:22:04','敏感词删除','sensitive-word:del','p1100001',246,1,'/sensitive-word/:id','DELETE',0,0,'',0,0),('2026-06-17 16:19:15','2026-06-17 16:21:57','敏感词更新','sensitive-word:edit','p1100001',247,1,'/sensitive-word/:id','PATCH',0,0,'',0,0),('2026-06-17 16:25:47','2026-06-17 16:25:47','敏感词命中列表','sensitive-word:hit:list','p1100002',248,1,'/sensitive-word/hit','GET',0,0,'',0,0),('2026-06-17 16:27:51','2026-06-17 16:27:51','敏感词命中审核通过','sensitive-word:hit:approve','p1100002',249,1,'/sensitive-word/hit/:id/approve','POST',0,0,'敏感词命中审核通过',0,0),('2026-06-17 16:28:57','2026-06-17 16:28:57','敏感词命中审核拒绝','sensitive-word:hit:reject','p1100002',250,1,'/sensitive-word/hit/:id/reject','POST',0,0,'敏感词命中审核拒绝',0,0),('2026-06-17 16:36:56','2026-06-17 16:36:56','数据库备份文件下载','scheduled-task:backups:download','p1200004',251,1,'/scheduled-task/backups/download','GET',0,0,'超级管理员数据库备份文件下载',0,0),('2026-06-17 16:39:21','2026-06-17 16:42:23','百度token刷新',' scheduled-task:cache:refresh-tongji-token','p1200004',252,1,'/scheduled-task/cache/refresh-tongji-token','POST',0,0,'超级管理员百度token刷新。',0,0),('2026-06-17 16:45:01','2026-06-17 16:45:01','更新定时任务','scheduled-task:tasks:edit','p1200004',253,1,'/scheduled-task/tasks/:id','PATCH',0,0,'',0,0),('2026-06-17 16:45:59','2026-06-17 16:46:23','新增定时任务','scheduled-task:tasks:add','p1200004',254,1,'/scheduled-task/tasks','POST',0,0,'新增定时任务。',0,0),('2026-06-17 16:48:38','2026-06-17 16:48:38','删除定时任务','scheduled-task:tasks:del','p1200004',255,1,'/scheduled-task/tasks/:id','DELETE',0,0,'删除定时任务。',0,0),('2026-06-19 08:03:21','2026-06-20 16:13:20','批量公开RPG等级','rpg:public:status:batch','p100000',256,1,'/rpg/public/status/batch','GET',1,0,'文章列表批量查询作者RPG等级',0,0),('2026-06-19 09:40:45','2026-06-20 16:13:20','相关文章推荐','article:related','p100000',257,1,'/article/related','GET',1,0,'详情页相关文章推荐',0,0),('2026-06-19 09:40:45','2026-06-20 16:13:20','作者文章统计','article:author-stats','p100000',258,1,'/article/author-stats','GET',1,0,'个人中心作者看板统计',0,0),('2026-06-19 09:40:45','2026-06-20 16:13:20','我文章收到的评论','comment:on-my-articles','p100000',259,1,'/comment/on-my-articles','GET',1,0,'个人中心评论收件箱',0,0),('2026-06-19 09:40:45','2026-06-20 16:13:20','站内通知列表','notification:list','p100000',260,1,'/notification/list','GET',1,0,'导航栏通知列表',0,0),('2026-06-19 09:40:45','2026-06-20 16:13:20','站内通知未读数','notification:unread-count','p100000',261,1,'/notification/unread-count','GET',1,0,'导航栏未读通知数量',0,0),('2026-06-19 09:40:45','2026-06-20 16:13:20','标记通知已读','notification:read','p100000',262,1,'/notification/read','PATCH',1,0,'标记单条或全部通知已读',0,0),('2026-06-21 05:55:09','2026-06-21 05:55:09','RPG扣减钻石','rpg:currency:deduct','p188883',263,1,'/admin/rpg/users/:uid/currency/deduct','POST',0,0,'超管扣减用户钻石',0,0),('2026-06-21 05:55:09','2026-06-21 05:55:09','RPG解禁用户','rpg:user:unban','p188883',264,1,'/admin/rpg/users/:uid/unban','POST',0,0,'超管解除RPG用户禁言',0,0),('2026-06-21 10:15:07','2026-06-21 10:15:07','RPG??????','rpg:recharge:create','',265,1,'/rpg/recharge/create','POST',1,0,'Home ??????????',0,0),('2026-06-21 10:15:07','2026-06-21 10:15:07','RPG??????','rpg:recharge:status','',266,1,'/rpg/recharge/status','GET',1,0,'Home ???????????',0,0),('2026-06-21 10:15:47','2026-06-21 10:15:47','检查是否已点赞','like:check','p20001',267,1,'/like/check','GET',1,0,'C 端检查当前用户是否已点赞',0,0),('2026-06-21 10:15:56','2026-06-21 10:15:56','我的点赞文章 ID','like:my-ids','p20001',268,1,'/like/my-ids','GET',1,0,'C 端同步本地点赞状态',0,0),('2026-06-21 11:21:19','2026-06-21 11:21:19','删除支付订单','pay-order:delete','p200100',269,1,'/pay/order/delete','POST',0,0,'批量删除本地支付订单记录',0,0),('2026-06-22 11:54:25','2026-06-22 11:54:25','微信小程序登录','user:wechat:login','p188881',270,1,'/user/auth/wechat/miniprogram','POST',1,0,'微信小程序 code 登录',0,0),('2026-06-23 12:37:43','2026-06-23 12:37:43','RAG stats','rag:stats','p1600001',271,1,'/admin/rag/stats','GET',0,0,'RAG stats',0,0),('2026-06-23 12:37:43','2026-06-23 12:37:43','RAG query logs','rag:query-logs','p1600001',272,1,'/admin/rag/query-logs','GET',0,0,'RAG query logs',0,0),('2026-06-23 12:37:43','2026-06-23 12:37:43','RAG index jobs','rag:index-jobs','p1600001',273,1,'/admin/rag/index-jobs','GET',0,0,'RAG index jobs',0,0),('2026-06-23 12:37:43','2026-06-23 12:37:43','RAG reindex','rag:reindex','p1600001',274,1,'/admin/rag/reindex','POST',0,0,'RAG reindex',0,0),('2026-06-23 12:37:43','2026-06-23 12:37:43','RAG chunks','rag:chunks','p1600001',275,1,'/admin/rag/chunks','GET',0,0,'RAG chunks',0,0),('2026-06-23 12:39:53','2026-06-23 12:39:53','RAG status','rag:status','',276,1,'/rag/status','GET',1,0,'Home RAG knowledge base status',0,0),('2026-06-23 12:39:53','2026-06-23 12:39:53','RAG quota','rag:quota','',277,1,'/rag/quota','GET',1,0,'Home RAG daily quota',0,0),('2026-06-23 12:39:53','2026-06-23 12:39:53','RAG query stream','rag:query-stream','',278,1,'/rag/query-stream','POST',1,0,'Home RAG SSE query',0,0),('2026-06-25 02:58:05','2026-06-25 02:58:05','RPG?????????(???)','admin:rpg:guild:members:list','p200207',279,1,'/admin/rpg/guilds/:id/members','GET',0,0,'??????????????',0,0),('2026-06-25 02:58:05','2026-06-25 02:58:05','RPG?????????(???)','admin:rpg:guild:member:remove','p200207',280,1,'/admin/rpg/guilds/:id/members/:uid','DELETE',0,0,'??????????????',0,0);
/*!40000 ALTER TABLE `x_privilege` ENABLE KEYS */;
UNLOCK TABLES;

--
-- Dumping data for table `x_role_menus_menu`
--

LOCK TABLES `x_role_menus_menu` WRITE;
/*!40000 ALTER TABLE `x_role_menus_menu` DISABLE KEYS */;
INSERT INTO `x_role_menus_menu` (`roleId`, `menuId`, `id`) VALUES (1,'p10000',1),(1,'p100000',2),(1,'p100001',3),(1,'p100002',4),(1,'p10001',5),(1,'p1100000',6),(1,'p1100001',7),(1,'p1100002',8),(1,'p1200000',9),(1,'p1200001',10),(1,'p1200002',11),(1,'p1200003',12),(1,'p1200004',13),(1,'p1300000',14),(1,'p1400000',15),(1,'p1500000',16),(1,'p1600000',17),(1,'p1600001',18),(1,'p188880',19),(1,'p188881',20),(1,'p188882',21),(1,'p188883',22),(1,'p188884',23),(1,'p188885',24),(1,'p20000',25),(1,'p200000',26),(1,'p20001',27),(1,'p20002',28),(1,'p200100',29),(1,'p200200',30),(1,'p200201',31),(1,'p200202',32),(1,'p200203',33),(1,'p200204',34),(1,'p200205',35),(1,'p200206',36),(1,'p200207',37),(1,'p200208',38),(1,'p30000',39),(1,'p30001',40),(1,'p40000',41),(1,'p40001',42),(1,'p50000',43),(1,'p50001',44),(1,'p60000',45),(1,'p60001',46),(1,'p70000',47),(1,'p70001',48),(1,'p800000',49),(1,'p800001',50),(1,'p900000',51),(1,'p900001',52),(2,'p10000',53),(2,'p10001',54),(2,'p1100000',55),(2,'p1100001',56),(2,'p1100002',57),(2,'p1200000',58),(2,'p1200001',59),(2,'p1200002',60),(2,'p1200003',61),(2,'p1200004',62),(2,'p1300000',63),(2,'p1400000',64),(2,'p1500000',65),(2,'p1600000',66),(2,'p1600001',67),(2,'p188880',68),(2,'p188881',69),(2,'p20000',70),(2,'p200000',71),(2,'p20001',72),(2,'p20002',73),(2,'p200100',74),(2,'p200200',75),(2,'p200201',76),(2,'p200202',77),(2,'p200203',78),(2,'p200204',79),(2,'p200205',80),(2,'p200206',81),(2,'p200207',82),(2,'p200208',83),(2,'p30000',84),(2,'p30001',85),(2,'p40000',86),(2,'p40001',87),(2,'p50000',88),(2,'p50001',89),(2,'p60000',90),(2,'p60001',91),(2,'p70000',92),(2,'p70001',93),(2,'p800000',94),(2,'p800001',95),(2,'p900000',96),(2,'p900001',97),(3,'p10000',98),(3,'p10001',99),(3,'p1300000',100),(3,'p1400000',101),(3,'p188882',102),(3,'p20000',103),(3,'p20001',104),(3,'p20002',105),(3,'p50000',106),(3,'p50001',107),(5,'p10000',108),(5,'p10001',109),(5,'p1300000',110),(5,'p1400000',111),(5,'p188881',112),(5,'p20000',113),(5,'p20001',114),(5,'p20002',115),(5,'p30000',116),(5,'p30001',117),(5,'p40000',118),(5,'p40001',119),(5,'p50000',120),(5,'p50001',121),(5,'p900000',122),(5,'p900001',123);
/*!40000 ALTER TABLE `x_role_menus_menu` ENABLE KEYS */;
UNLOCK TABLES;

--
-- Dumping data for table `x_role_privileges_privilege`
--

LOCK TABLES `x_role_privileges_privilege` WRITE;
/*!40000 ALTER TABLE `x_role_privileges_privilege` DISABLE KEYS */;
INSERT INTO `x_role_privileges_privilege` (`roleId`, `privilegeId`, `id`) VALUES (1,1,1),(1,2,2),(1,3,3),(1,4,4),(1,5,5),(1,6,6),(1,7,7),(1,8,8),(1,9,9),(1,10,10),(1,11,11),(1,12,12),(1,13,13),(1,14,14),(1,15,15),(1,16,16),(1,17,17),(1,18,18),(1,19,19),(1,20,20),(1,21,21),(1,22,22),(1,23,23),(1,24,24),(1,25,25),(1,26,26),(1,27,27),(1,28,28),(1,29,29),(1,30,30),(1,31,31),(1,32,32),(1,33,33),(1,34,34),(1,35,35),(1,36,36),(1,37,37),(1,38,38),(1,39,39),(1,40,40),(1,41,41),(1,42,42),(1,43,43),(1,44,44),(1,45,45),(1,46,46),(1,47,47),(1,48,48),(1,49,49),(1,50,50),(1,51,51),(1,52,52),(1,53,53),(1,54,54),(1,55,55),(1,56,56),(1,57,57),(1,58,58),(1,59,59),(1,60,60),(1,61,61),(1,62,62),(1,63,63),(1,64,64),(1,65,65),(1,66,66),(1,67,67),(1,68,68),(1,69,69),(1,70,70),(1,71,71),(1,72,72),(1,73,73),(1,76,74),(1,77,75),(1,78,76),(1,79,77),(1,80,78),(1,81,79),(1,82,80),(1,83,81),(1,84,82),(1,85,83),(1,86,84),(1,87,85),(1,88,86),(1,89,87),(1,90,88),(1,91,89),(1,92,90),(1,93,91),(1,94,92),(1,95,93),(1,96,94),(1,97,95),(1,98,96),(1,99,97),(1,102,98),(1,103,99),(1,104,100),(1,105,101),(1,106,102),(1,107,103),(1,108,104),(1,109,105),(1,110,106),(1,111,107),(1,112,108),(1,113,109),(1,114,110),(1,115,111),(1,116,112),(1,117,113),(1,118,114),(1,119,115),(1,120,116),(1,121,117),(1,122,118),(1,123,119),(1,124,120),(1,125,121),(1,126,122),(1,127,123),(1,128,124),(1,129,125),(1,130,126),(1,131,127),(1,132,128),(1,133,129),(1,134,130),(1,135,131),(1,136,132),(1,137,133),(1,138,134),(1,139,135),(1,140,136),(1,141,137),(1,142,138),(1,171,139),(1,172,140),(1,238,141),(1,263,142),(1,264,143),(1,269,144),(1,271,145),(1,272,146),(1,273,147),(1,274,148),(1,275,149),(1,279,150),(1,280,151),(2,11,152),(2,12,153),(2,13,154),(2,14,155),(2,15,156),(2,24,157),(2,25,158),(2,26,159),(2,29,160),(2,30,161),(2,34,162),(2,35,163),(2,36,164),(2,37,165),(2,39,166),(2,40,167),(2,42,168),(2,43,169),(2,45,170),(2,49,171),(2,56,172),(2,61,173),(2,62,174),(2,63,175),(2,64,176),(2,65,177),(2,66,178),(2,80,179),(2,85,180),(2,86,181),(2,87,182),(2,96,183),(2,98,184),(2,99,185),(2,103,186),(2,104,187),(2,105,188),(2,106,189),(2,107,190),(2,108,191),(2,109,192),(2,110,193),(2,111,194),(2,112,195),(2,113,196),(2,114,197),(2,115,198),(2,116,199),(2,117,200),(2,118,201),(2,119,202),(2,120,203),(2,121,204),(2,122,205),(2,123,206),(2,124,207),(2,125,208),(2,126,209),(2,127,210),(2,128,211),(2,129,212),(2,130,213),(2,131,214),(2,132,215),(2,133,216),(2,134,217),(2,135,218),(2,136,219),(2,137,220),(2,138,221),(2,139,222),(2,140,223),(2,141,224),(2,142,225),(2,171,226),(2,172,227),(2,189,228),(2,240,229),(2,242,230),(2,243,231),(2,244,232),(2,246,233),(2,247,234),(2,248,235),(2,249,236),(2,250,237),(2,253,238),(2,254,239),(2,255,240),(2,271,241),(2,272,242),(2,273,243),(2,274,244),(2,275,245),(2,279,246),(2,280,247),(3,1,248),(3,12,249),(3,22,250),(3,23,251),(3,24,252),(3,25,253),(3,26,254),(3,27,255),(3,28,256),(3,29,257),(3,30,258),(3,31,259),(3,32,260),(3,50,261),(3,51,262),(3,52,263),(3,53,264),(3,240,265),(5,6,266),(5,7,267),(5,8,268),(5,9,269),(5,10,270),(5,11,271),(5,12,272),(5,13,273),(5,15,274),(5,17,275),(5,18,276),(5,22,277),(5,23,278),(5,24,279),(5,25,280),(5,26,281),(5,27,282),(5,28,283),(5,29,284),(5,30,285),(5,31,286),(5,32,287),(5,33,288),(5,34,289),(5,35,290),(5,36,291),(5,37,292),(5,38,293),(5,39,294),(5,40,295),(5,41,296),(5,42,297),(5,43,298),(5,44,299),(5,45,300),(5,46,301),(5,47,302),(5,48,303),(5,49,304),(5,50,305),(5,51,306),(5,52,307),(5,53,308);
/*!40000 ALTER TABLE `x_role_privileges_privilege` ENABLE KEYS */;
UNLOCK TABLES;

--
-- Dumping data for table `x_dept`
--

LOCK TABLES `x_dept` WRITE;
/*!40000 ALTER TABLE `x_dept` DISABLE KEYS */;
INSERT INTO `x_dept` (`id`, `createTime`, `updateTime`, `deptName`, `deptCode`, `parentId`, `leaderId`, `leaderName`, `orderNum`, `status`, `remark`, `isDelete`, `version`) VALUES (1,'2026-01-20 07:46:38','2026-06-13 10:11:40','酱的博客','BLOG_ROOT',0,NULL,NULL,0,1,'博客平台根机构，全部数据隔离的顶层节点',0,0),(2,'2026-01-20 07:47:07','2026-06-13 10:11:40','平台运营中心','BLOG_OPS',1,NULL,NULL,1,1,'运管台管理、内容审核、敏感词与社区运营',0,0),(4,'2026-01-20 07:47:47','2026-06-13 10:11:40','创作者社区','BLOG_CREATOR',1,NULL,NULL,2,1,'注册作者默认归属机构，文章机构隔离的主阵地',0,0),(5,'2026-01-20 07:48:14','2026-06-13 10:11:40','系统运维组','BLOG_DEVOPS',2,NULL,NULL,1,1,'定时任务、数据库备份、运维工具与系统配置',0,0),(6,'2026-06-13 10:11:40','2026-06-13 10:11:40','技术专栏','BLOG_TECH',4,NULL,NULL,1,1,'前端、Vue、部署、工程化等技术文章',0,0),(7,'2026-06-13 10:11:40','2026-06-13 10:11:40','生活随笔','BLOG_LIFE',4,NULL,NULL,2,1,'日常、读书、旅行等非技术分享',0,0),(8,'2026-06-13 10:11:40','2026-06-13 10:11:40','RPG 玩法专栏','BLOG_RPG',4,NULL,NULL,3,1,'博客 RPG 玩法、攻略与活动相关创作',0,0),(9,'2026-06-13 10:11:40','2026-06-13 10:11:40','访客投稿','BLOG_GUEST',1,NULL,NULL,3,1,'站外投稿审核前的临时归属，审核通过后可迁入专栏',0,0);
/*!40000 ALTER TABLE `x_dept` ENABLE KEYS */;
UNLOCK TABLES;

--
-- Dumping data for table `x_category`
--

LOCK TABLES `x_category` WRITE;
/*!40000 ALTER TABLE `x_category` DISABLE KEYS */;
INSERT INTO `x_category` (`id`, `uid`, `label`, `value`, `color`, `create_at`, `update_at`) VALUES ('c1000001-0000-4000-8000-000000000001',1,'博客系统','blog-system','#8dc1a9','2026-06-19 10:55:07','2026-06-19 10:55:07'),('c1000001-0000-4000-8000-000000000002',1,'前端开发','frontend','#dd6b66','2026-06-19 10:55:07','2026-06-19 10:55:07'),('c1000001-0000-4000-8000-000000000003',1,'后端开发','backend','#4ea397','2026-06-19 10:55:07','2026-06-19 10:55:07'),('c1000001-0000-4000-8000-000000000004',1,'运维部署','devops','#ea7e53','2026-06-19 10:55:07','2026-06-19 10:55:07'),('c1000001-0000-4000-8000-000000000005',1,'开发工具','devtools','#7289ab','2026-06-19 10:55:07','2026-06-19 10:55:07'),('c1000001-0000-4000-8000-000000000006',1,'随笔杂谈','life','#cbb0e3','2026-06-19 10:55:07','2026-06-19 10:55:07');
/*!40000 ALTER TABLE `x_category` ENABLE KEYS */;
UNLOCK TABLES;

--
-- Dumping data for table `x_tag`
--

LOCK TABLES `x_tag` WRITE;
/*!40000 ALTER TABLE `x_tag` DISABLE KEYS */;
INSERT INTO `x_tag` (`id`, `uid`, `label`, `value`, `color`, `create_at`, `update_at`) VALUES ('t1000001-0000-4000-8000-000000000001',1,'自文档','self-doc','#8dc1a9','2026-06-19 10:55:07','2026-06-19 10:55:07'),('t1000001-0000-4000-8000-000000000002',1,'概览','overview','#73b9bc','2026-06-19 10:55:07','2026-06-19 10:55:07'),('t1000001-0000-4000-8000-000000000003',1,'深挖','deep-dive','#4ea397','2026-06-19 10:55:07','2026-06-19 10:55:07'),('t1000001-0000-4000-8000-000000000004',1,'项目介绍','project-intro','#f49f42','2026-06-19 10:55:07','2026-06-19 10:55:07'),('t1000001-0000-4000-8000-000000000005',1,'踩坑记录','pitfall','#ea7e53','2026-06-19 10:55:07','2026-06-19 10:55:07'),('t1000001-0000-4000-8000-000000000006',1,'教程','tutorial','#7289ab','2026-06-19 10:55:07','2026-06-19 10:55:07'),('t1000001-0000-4000-8000-000000000007',1,'Vue','vue','#42b883','2026-06-19 10:55:07','2026-06-19 10:55:07'),('t1000001-0000-4000-8000-000000000008',1,'Nuxt','nuxt','#00dc82','2026-06-19 10:55:07','2026-06-19 10:55:07'),('t1000001-0000-4000-8000-000000000009',1,'NestJS','nestjs','#e0234e','2026-06-19 10:55:07','2026-06-19 10:55:07'),('t1000001-0000-4000-8000-00000000000a',1,'Go','go','#00add8','2026-06-19 10:55:07','2026-06-19 10:55:07'),('t1000001-0000-4000-8000-00000000000b',1,'React','react','#61dafb','2026-06-19 10:55:07','2026-06-19 10:55:07'),('t1000001-0000-4000-8000-00000000000c',1,'Node','node','#68a063','2026-06-19 10:55:07','2026-06-19 10:55:07'),('t1000001-0000-4000-8000-00000000000d',1,'JavaScript','javascript','#f7df1e','2026-06-19 10:55:07','2026-06-19 10:55:07'),('t1000001-0000-4000-8000-00000000000e',1,'TypeScript','typescript','#3178c6','2026-06-19 10:55:07','2026-06-19 10:55:07'),('t1000001-0000-4000-8000-00000000000f',1,'Java','java','#b07219','2026-06-19 10:55:07','2026-06-19 10:55:07'),('t1000001-0000-4000-8000-000000000010',1,'MySQL','mysql','#4479a1','2026-06-19 10:55:07','2026-06-19 10:55:07'),('t1000001-0000-4000-8000-000000000011',1,'Redis','redis','#dc382d','2026-06-19 10:55:07','2026-06-19 10:55:07'),('t1000001-0000-4000-8000-000000000012',1,'Docker','docker','#2496ed','2026-06-19 10:55:07','2026-06-19 10:55:07'),('t1000001-0000-4000-8000-000000000013',1,'Jenkins','jenkins','#d33833','2026-06-19 10:55:07','2026-06-19 10:55:07'),('t1000001-0000-4000-8000-000000000014',1,'Linux','linux','#fcc624','2026-06-19 10:55:07','2026-06-19 10:55:07'),('t1000001-0000-4000-8000-000000000015',1,'Git','git','#f05032','2026-06-19 10:55:07','2026-06-19 10:55:07'),('t1000001-0000-4000-8000-000000000016',1,'npm','npm','#cb3837','2026-06-19 10:55:07','2026-06-19 10:55:07'),('t1000001-0000-4000-8000-000000000017',1,'部署','deploy','#ea7e53','2026-06-19 10:55:07','2026-06-19 10:55:07'),('t1000001-0000-4000-8000-000000000018',1,'服务器','server','#759aa0','2026-06-19 10:55:07','2026-06-19 10:55:07'),('t1000001-0000-4000-8000-000000000019',1,'浏览器','browser','#f58db2','2026-06-19 10:55:07','2026-06-19 10:55:07'),('t1000001-0000-4000-8000-00000000001a',1,'RBAC','rbac','#e87c25','2026-06-19 10:55:07','2026-06-19 10:55:07'),('t1000001-0000-4000-8000-00000000001b',1,'RPG','rpg','#c6e579','2026-06-19 10:55:07','2026-06-19 10:55:07'),('t1000001-0000-4000-8000-00000000001c',1,'通知','notification','#edafda','2026-06-19 10:55:07','2026-06-19 10:55:07'),('t1000001-0000-4000-8000-00000000001d',1,'RSS','rss','#f0805a','2026-06-19 10:55:07','2026-06-19 10:55:07'),('t1000001-0000-4000-8000-00000000001e',1,'面试','interview','#27727b','2026-06-19 10:55:07','2026-06-19 10:55:07'),('t1000001-0000-4000-8000-00000000001f',1,'个人','personal','#cbb0e3','2026-06-19 10:55:07','2026-06-19 10:55:07'),('t1000001-0000-4000-8000-000000000020',1,'前台','home','#5b9bd5','2026-06-20 08:46:26','2026-06-20 08:46:26');
/*!40000 ALTER TABLE `x_tag` ENABLE KEYS */;
UNLOCK TABLES;

--
-- Dumping data for table `x_sensitive_word`
--

LOCK TABLES `x_sensitive_word` WRITE;
/*!40000 ALTER TABLE `x_sensitive_word` DISABLE KEYS */;
INSERT INTO `x_sensitive_word` (`createTime`, `updateTime`, `id`, `word`, `category`, `status`, `level`, `hpPenalty`, `needReview`, `action`) VALUES ('2026-06-13 10:15:03','2026-06-13 10:15:03',297,'反动','政治',1,1,20,1,2),('2026-06-13 10:15:03','2026-06-13 10:15:03',299,'颠覆政权','政治',1,1,20,1,2),('2026-06-13 10:15:03','2026-06-13 10:15:03',300,'分裂国家','政治',1,1,20,1,2),('2026-06-13 10:15:03','2026-06-13 10:15:03',301,'台独','政治',1,1,20,1,2),('2026-06-13 10:15:03','2026-06-13 10:15:03',302,'藏独','政治',1,1,20,1,2),('2026-06-13 10:15:03','2026-06-13 10:15:03',303,'疆独','政治',1,1,20,1,2),('2026-06-13 10:15:03','2026-06-13 10:15:03',304,'港独','政治',1,1,20,1,2),('2026-06-13 10:15:03','2026-06-13 10:15:03',305,'法轮功','政治',1,1,20,1,2),('2026-06-13 10:15:03','2026-06-13 10:15:03',306,'邪教','政治',1,1,20,1,2),('2026-06-13 10:15:03','2026-06-13 10:15:03',307,'军事政变','政治',1,1,20,1,2),('2026-06-13 10:15:03','2026-06-13 10:15:03',308,'暴力革命','政治',1,1,20,1,2),('2026-06-13 10:15:03','2026-06-13 10:15:03',309,'煽动颠覆','政治',1,1,20,1,2),('2026-06-13 10:15:03','2026-06-13 10:15:03',310,'危害国家安全','政治',1,1,20,1,2),('2026-06-13 10:15:03','2026-06-13 10:15:03',311,'泄露国家机密','政治',1,1,20,1,2),('2026-06-13 10:15:03','2026-06-13 10:15:03',312,'反动言论','政治',1,1,20,1,2),('2026-06-13 10:15:03','2026-06-13 10:15:03',313,'政治谣言','政治',1,1,20,1,2),('2026-06-13 10:15:03','2026-06-13 10:15:03',314,'境外势力','政治',1,1,20,1,2),('2026-06-13 10:15:03','2026-06-13 10:15:03',315,'颜色革命','政治',1,1,20,1,2),('2026-06-13 10:15:03','2026-06-13 10:15:03',316,'反党','政治',1,1,20,1,2),('2026-06-13 10:15:03','2026-06-13 10:15:03',317,'反政府','政治',1,1,20,1,2),('2026-06-13 10:15:03','2026-06-13 10:15:03',318,'煽动仇恨','政治',1,1,20,1,2),('2026-06-13 10:15:03','2026-06-13 10:15:03',319,'民族分裂','政治',1,1,20,1,2),('2026-06-13 10:15:03','2026-06-13 10:15:03',320,'独立运动','政治',1,1,20,1,2),('2026-06-13 10:15:03','2026-06-13 10:15:03',321,'武装叛乱','政治',1,1,20,1,2),('2026-06-13 10:15:03','2026-06-13 10:15:03',322,'恐怖组织','政治',1,1,20,1,2),('2026-06-13 10:15:03','2026-06-13 10:15:03',323,'极端主义','政治',1,1,20,1,2),('2026-06-13 10:15:03','2026-06-13 10:15:03',324,'暴恐','政治',1,1,20,1,2),('2026-06-13 10:15:03','2026-06-13 10:15:03',325,'圣战','政治',1,1,20,1,2),('2026-06-13 10:15:03','2026-06-13 10:15:03',326,'煽动暴乱','政治',1,1,20,1,2),('2026-06-13 10:15:03','2026-06-13 10:15:03',327,'非法集会','政治',1,1,20,1,2),('2026-06-13 10:15:03','2026-06-13 10:15:03',328,'色情','色情',1,1,20,1,2),('2026-06-13 10:15:03','2026-06-13 10:15:03',329,'成人视频','色情',1,1,20,1,2),('2026-06-13 10:15:03','2026-06-13 10:15:03',330,'约炮','色情',1,1,20,1,2),('2026-06-13 10:15:03','2026-06-13 10:15:03',331,'嫖娼','色情',1,1,20,1,2),('2026-06-13 10:15:03','2026-06-13 10:15:03',332,'援交','色情',1,1,20,1,2),('2026-06-13 10:15:03','2026-06-13 10:15:03',333,'乱伦','色情',1,1,20,1,2),('2026-06-13 10:15:03','2026-06-13 10:15:03',334,'兽交','色情',1,1,20,1,2),('2026-06-13 10:15:03','2026-06-13 10:15:03',335,'幼女','色情',1,1,20,1,2),('2026-06-13 10:15:03','2026-06-13 10:15:03',336,'未成年色情','色情',1,1,20,1,2),('2026-06-13 10:15:03','2026-06-13 10:15:03',337,'裸聊','色情',1,1,20,1,2),('2026-06-13 10:15:03','2026-06-13 10:15:03',338,'视频裸聊','色情',1,1,20,1,2),('2026-06-13 10:15:03','2026-06-13 10:15:03',339,'黄片','色情',1,1,20,1,2),('2026-06-13 10:15:03','2026-06-13 10:15:03',340,'黄网','色情',1,1,20,1,2),('2026-06-13 10:15:03','2026-06-13 10:15:03',341,'色情网站','色情',1,1,20,1,2),('2026-06-13 10:15:03','2026-06-13 10:15:03',342,'一夜情','色情',1,1,20,1,2),('2026-06-13 10:15:03','2026-06-13 10:15:03',343,'小姐上门','色情',1,1,20,1,2),('2026-06-13 10:15:03','2026-06-13 10:15:03',344,'全套服务','色情',1,1,20,1,2),('2026-06-13 10:15:03','2026-06-13 10:15:03',345,'无码','色情',1,1,20,1,2),('2026-06-13 10:15:03','2026-06-13 10:15:03',346,'av资源','色情',1,1,20,1,2),('2026-06-13 10:15:03','2026-06-13 10:15:03',347,'偷拍','色情',1,1,20,1,2),('2026-06-13 10:15:03','2026-06-13 10:15:03',348,'走光','色情',1,1,20,1,2),('2026-06-13 10:15:03','2026-06-13 10:15:03',349,'福利视频','色情',1,1,20,1,2),('2026-06-13 10:15:03','2026-06-13 10:15:03',350,'私密视频','色情',1,1,20,1,2),('2026-06-13 10:15:03','2026-06-13 10:15:03',351,'成人直播','色情',1,1,20,1,2),('2026-06-13 10:15:03','2026-06-13 10:15:03',352,'成人网站','色情',1,1,20,1,2),('2026-06-13 10:15:03','2026-06-13 10:15:03',353,'色图','色情',1,1,20,1,2),('2026-06-13 10:15:03','2026-06-13 10:15:03',354,'赌博','赌博',1,1,20,1,2),('2026-06-13 10:15:03','2026-06-13 10:15:03',355,'博彩','赌博',1,1,20,1,2),('2026-06-13 10:15:03','2026-06-13 10:15:03',356,'网赌','赌博',1,1,20,1,2),('2026-06-13 10:15:03','2026-06-13 10:15:03',357,'线上赌场','赌博',1,1,20,1,2),('2026-06-13 10:15:03','2026-06-13 10:15:03',358,'六合彩','赌博',1,1,20,1,2),('2026-06-13 10:15:03','2026-06-13 10:15:03',359,'真人百家乐','赌博',1,1,20,1,2),('2026-06-13 10:15:03','2026-06-13 10:15:03',360,'澳门赌场','赌博',1,1,20,1,2),('2026-06-13 10:15:03','2026-06-13 10:15:03',361,'威尼斯人','赌博',1,1,20,1,2),('2026-06-13 10:15:03','2026-06-13 10:15:03',362,'太阳城','赌博',1,1,20,1,2),('2026-06-13 10:15:03','2026-06-13 10:15:03',363,'现金网','赌博',1,1,20,1,2),('2026-06-13 10:15:03','2026-06-13 10:15:03',364,'菠菜','赌博',1,1,20,1,2),('2026-06-13 10:15:03','2026-06-13 10:15:03',365,'赌马','赌博',1,1,20,1,2),('2026-06-13 10:15:03','2026-06-13 10:15:03',366,'赌资','赌博',1,1,20,1,2),('2026-06-13 10:15:03','2026-06-13 10:15:03',367,'外围球','赌博',1,1,20,1,2),('2026-06-13 10:15:03','2026-06-13 10:15:03',368,'赌球','赌博',1,1,20,1,2),('2026-06-13 10:15:03','2026-06-13 10:15:03',369,'时时彩','赌博',1,1,20,1,2),('2026-06-13 10:15:03','2026-06-13 10:15:03',370,'快三','赌博',1,1,20,1,2),('2026-06-13 10:15:03','2026-06-13 10:15:03',371,'北京赛车','赌博',1,1,20,1,2),('2026-06-13 10:15:03','2026-06-13 10:15:03',372,'幸运飞艇','赌博',1,1,20,1,2),('2026-06-13 10:15:03','2026-06-13 10:15:03',373,'包赢','赌博',1,1,20,1,2),('2026-06-13 10:15:03','2026-06-13 10:15:03',374,'百家乐','赌博',1,1,20,1,2),('2026-06-13 10:15:03','2026-06-13 10:15:03',375,'棋牌代理','赌博',1,1,20,1,2),('2026-06-13 10:15:03','2026-06-13 10:15:03',376,'毒品','自定义',1,1,20,1,2),('2026-06-13 10:15:03','2026-06-13 10:15:03',377,'代孕','自定义',1,1,20,1,2),('2026-06-13 10:15:03','2026-06-13 10:15:03',378,'卖肾','自定义',1,1,20,1,2),('2026-06-13 10:15:03','2026-06-13 10:15:03',379,'人体器官','自定义',1,1,20,1,2),('2026-06-13 10:15:03','2026-06-13 10:15:03',380,'军火','自定义',1,1,20,1,2),('2026-06-13 10:15:03','2026-06-13 10:15:03',381,'枪支弹药','自定义',1,1,20,1,2),('2026-06-13 10:15:03','2026-06-13 10:15:03',382,'仿真枪','自定义',1,1,20,1,2),('2026-06-13 10:15:03','2026-06-13 10:15:03',383,'职业杀手','自定义',1,1,20,1,2),('2026-06-13 10:15:03','2026-06-13 10:15:03',384,'雇凶','自定义',1,1,20,1,2),('2026-06-13 10:15:03','2026-06-13 10:15:03',385,'迷药','自定义',1,1,20,1,2),('2026-06-13 10:15:03','2026-06-13 10:15:03',386,'听话水','自定义',1,1,20,1,2),('2026-06-13 10:15:03','2026-06-13 10:15:03',387,'迷魂药','自定义',1,1,20,1,2),('2026-06-13 10:15:03','2026-06-13 10:15:03',388,'假币','自定义',1,1,20,1,2),('2026-06-13 10:15:03','2026-06-13 10:15:03',389,'伪钞','自定义',1,1,20,1,2),('2026-06-13 10:15:03','2026-06-13 10:15:03',390,'木马','自定义',1,1,20,1,2),('2026-06-13 10:15:03','2026-06-13 10:15:03',391,'黑客接单','自定义',1,1,20,1,2),('2026-06-13 10:15:03','2026-06-13 10:15:03',392,'破解密码','自定义',1,1,20,1,2),('2026-06-13 10:15:03','2026-06-13 10:15:03',393,'出售银行卡','自定义',1,1,20,1,2),('2026-06-13 10:15:03','2026-06-13 10:15:03',394,'兼职刷单','自定义',1,1,20,1,2),('2026-06-13 10:15:03','2026-06-13 10:15:03',395,'刷单','自定义',1,1,20,1,2),('2026-06-13 10:15:03','2026-06-13 10:15:03',396,'代刷','自定义',1,1,20,1,2),('2026-06-13 10:15:03','2026-06-13 10:15:03',397,'入侵网站','自定义',1,1,20,1,2),('2026-06-13 10:15:03','2026-06-13 10:15:03',398,'加v','广告',1,2,14,0,1),('2026-06-13 10:15:03','2026-06-13 10:15:03',399,'私加','广告',1,2,14,0,1),('2026-06-13 10:15:03','2026-06-13 10:15:03',400,'加微','广告',1,2,14,0,1),('2026-06-13 10:15:03','2026-06-13 10:15:03',401,'威信','广告',1,2,14,0,1),('2026-06-13 10:15:03','2026-06-13 10:15:03',402,'薇信','广告',1,2,14,0,1),('2026-06-13 10:15:03','2026-06-13 10:15:03',403,'wx','广告',1,2,14,0,1),('2026-06-13 10:15:03','2026-06-13 10:15:03',404,'wx:','广告',1,2,14,0,1),('2026-06-13 10:15:03','2026-06-13 10:15:03',405,'微❤','广告',1,2,14,0,1),('2026-06-13 10:15:03','2026-06-13 10:15:03',406,'商务合作','广告',1,2,14,0,1),('2026-06-13 10:15:03','2026-06-13 10:15:03',407,'合作共赢','广告',1,2,14,0,1),('2026-06-13 10:15:03','2026-06-13 10:15:03',408,'招募代理','广告',1,2,14,0,1),('2026-06-13 10:15:03','2026-06-13 10:15:03',409,'诚招','广告',1,2,14,0,1),('2026-06-13 10:15:03','2026-06-13 10:15:03',410,'招收','广告',1,2,14,0,1),('2026-06-13 10:15:03','2026-06-13 10:15:03',411,'点赞赚钱','广告',1,2,14,0,1),('2026-06-13 10:15:03','2026-06-13 10:15:03',412,'关注返现','广告',1,2,14,0,1),('2026-06-13 10:15:03','2026-06-13 10:15:03',413,'扫码关注','广告',1,2,14,0,1),('2026-06-13 10:15:03','2026-06-13 10:15:03',414,'扫码加','广告',1,2,14,0,1),('2026-06-13 10:15:03','2026-06-13 10:15:03',415,'代购','广告',1,2,14,0,1),('2026-06-13 10:15:03','2026-06-13 10:15:03',416,'点赞任务','广告',1,2,14,0,1),('2026-06-13 10:15:03','2026-06-13 10:15:03',417,'关注任务','广告',1,2,14,0,1),('2026-06-13 10:15:03','2026-06-13 10:15:03',418,'羊毛','广告',1,2,14,0,1),('2026-06-13 10:15:03','2026-06-13 10:15:03',419,'薅羊毛','广告',1,2,14,0,1),('2026-06-13 10:15:03','2026-06-13 10:15:03',420,'优惠券群','广告',1,2,14,0,1),('2026-06-13 10:15:03','2026-06-13 10:15:03',421,'领红包','广告',1,2,14,0,1),('2026-06-13 10:15:03','2026-06-13 10:15:03',422,'免费领','广告',1,2,14,0,1),('2026-06-13 10:15:03','2026-06-13 10:15:03',423,'0元购','广告',1,2,14,0,1),('2026-06-13 10:15:03','2026-06-13 10:15:03',424,'拼多多助力','广告',1,2,14,0,1),('2026-06-13 10:15:03','2026-06-13 10:15:03',425,'砍一刀','广告',1,2,14,0,1),('2026-06-13 10:15:03','2026-06-13 10:15:03',426,'直播带货','广告',1,2,14,0,1),('2026-06-13 10:15:03','2026-06-13 10:15:03',427,'带货合作','广告',1,2,14,0,1),('2026-06-13 10:15:03','2026-06-13 10:15:03',428,'软文推广','广告',1,2,14,0,1),('2026-06-13 10:15:03','2026-06-13 10:15:03',429,'seo优化','广告',1,2,14,0,1),('2026-06-13 10:15:03','2026-06-13 10:15:03',430,'快速提升排名','广告',1,2,14,0,1),('2026-06-13 10:15:03','2026-06-13 10:15:03',431,'包月推广','广告',1,2,14,0,1),('2026-06-13 10:15:03','2026-06-13 10:15:03',432,'僵尸粉','广告',1,2,14,0,1),('2026-06-13 10:15:03','2026-06-13 10:15:03',433,'买粉','广告',1,2,14,0,1),('2026-06-13 10:15:03','2026-06-13 10:15:03',434,'刷粉','广告',1,2,14,0,1),('2026-06-13 10:15:03','2026-06-13 10:15:03',435,'刷赞','广告',1,2,14,0,1),('2026-06-13 10:15:03','2026-06-13 10:15:03',436,'刷评论','广告',1,2,14,0,1),('2026-06-13 10:15:03','2026-06-13 10:15:03',437,'水军','广告',1,2,14,0,1),('2026-06-13 10:15:03','2026-06-13 10:15:03',438,'营销号','广告',1,2,14,0,1),('2026-06-13 10:15:03','2026-06-13 10:15:03',439,'暴利项目','广告',1,2,14,0,1),('2026-06-13 10:15:03','2026-06-13 10:15:03',440,'躺赚','广告',1,2,14,0,1),('2026-06-13 10:15:03','2026-06-13 10:15:03',441,'被动收入','广告',1,2,14,0,1),('2026-06-13 10:15:03','2026-06-13 10:15:03',442,'招代理','广告',1,2,14,0,1),('2026-06-13 10:15:03','2026-06-13 10:15:03',443,'网赚','广告',1,2,14,0,1),('2026-06-13 10:15:03','2026-06-13 10:15:03',444,'日结','广告',1,2,14,0,1),('2026-06-13 10:15:03','2026-06-13 10:15:03',445,'高返利','广告',1,2,14,0,1),('2026-06-13 10:15:03','2026-06-13 10:15:03',446,'广告合作','广告',1,2,14,0,1),('2026-06-13 10:15:03','2026-06-13 10:15:03',447,'推广','广告',1,2,14,0,1),('2026-06-13 10:15:03','2026-06-13 10:15:03',448,'引流','广告',1,2,14,0,1),('2026-06-13 10:15:03','2026-06-13 10:15:03',449,'情色','色情',1,2,14,0,1),('2026-06-13 10:15:03','2026-06-13 10:15:03',450,'外围','色情',1,2,14,0,1),('2026-06-13 10:15:03','2026-06-13 10:15:03',451,'上门服务','色情',1,2,14,0,1),('2026-06-13 10:15:03','2026-06-13 10:15:03',452,'按摩推油','色情',1,2,14,0,1),('2026-06-13 10:15:03','2026-06-13 10:15:03',453,'楼凤','色情',1,2,14,0,1),('2026-06-13 10:15:03','2026-06-13 10:15:03',454,'会所','色情',1,2,14,0,1),('2026-06-13 10:15:03','2026-06-13 10:15:03',455,'莞式','色情',1,2,14,0,1),('2026-06-13 10:15:03','2026-06-13 10:15:03',456,'制服诱惑','色情',1,2,14,0,1),('2026-06-13 10:15:03','2026-06-13 10:15:03',457,'种子下载','色情',1,2,14,0,1),('2026-06-13 10:15:03','2026-06-13 10:15:03',458,'萝莉','色情',1,2,14,0,1),('2026-06-13 10:15:03','2026-06-13 10:15:03',459,'熟女','色情',1,2,14,0,1),('2026-06-13 10:15:03','2026-06-13 10:15:03',460,'有码','色情',1,2,14,0,1),('2026-06-13 10:15:03','2026-06-13 10:15:03',461,'岛国片','色情',1,2,14,0,1),('2026-06-13 10:15:03','2026-06-13 10:15:03',462,'特殊服务','色情',1,2,14,0,1),('2026-06-13 10:15:03','2026-06-13 10:15:03',463,'彩票计划群','赌博',1,2,14,0,1),('2026-06-13 10:15:03','2026-06-13 10:15:03',464,'龙虎斗','赌博',1,2,14,0,1),('2026-06-13 10:15:03','2026-06-13 10:15:03',465,'德州扑克','赌博',1,2,14,0,1),('2026-06-13 10:15:03','2026-06-13 10:15:03',466,'梭哈','赌博',1,2,14,0,1),('2026-06-13 10:15:03','2026-06-13 10:15:03',467,'炸金花','赌博',1,2,14,0,1),('2026-06-13 10:15:03','2026-06-13 10:15:03',468,'棋牌室','赌博',1,2,14,0,1),('2026-06-13 10:15:03','2026-06-13 10:15:03',469,'德州俱乐部','赌博',1,2,14,0,1),('2026-06-13 10:15:03','2026-06-13 10:15:03',470,'充值送','赌博',1,2,14,0,1),('2026-06-13 10:15:03','2026-06-13 10:15:03',471,'首充送','赌博',1,2,14,0,1),('2026-06-13 10:15:03','2026-06-13 10:15:03',472,'洗码','赌博',1,2,14,0,1),('2026-06-13 10:15:03','2026-06-13 10:15:03',473,'返水','赌博',1,2,14,0,1),('2026-06-13 10:15:03','2026-06-13 10:15:03',474,'稳赚','赌博',1,2,14,0,1),('2026-06-13 10:15:03','2026-06-13 10:15:03',475,'内幕消息','赌博',1,2,14,0,1),('2026-06-13 10:15:03','2026-06-13 10:15:03',476,'特码','赌博',1,2,14,0,1),('2026-06-13 10:15:03','2026-06-13 10:15:03',477,'平特','赌博',1,2,14,0,1),('2026-06-13 10:15:03','2026-06-13 10:15:03',478,'三中三','赌博',1,2,14,0,1),('2026-06-13 10:15:03','2026-06-13 10:15:03',479,'生肖彩','赌博',1,2,14,0,1),('2026-06-13 10:15:03','2026-06-13 10:15:03',480,'信誉平台','赌博',1,2,14,0,1),('2026-06-13 10:15:03','2026-06-13 10:15:03',481,'勒索','自定义',1,2,14,0,1),('2026-06-13 10:15:03','2026-06-13 10:15:03',482,'敲诈','自定义',1,2,14,0,1),('2026-06-13 10:15:03','2026-06-13 10:15:03',483,'跑分','自定义',1,2,14,0,1),('2026-06-13 10:15:03','2026-06-13 10:15:03',484,'码商','自定义',1,2,14,0,1),('2026-06-13 10:15:03','2026-06-13 10:15:03',485,'四件套','自定义',1,2,14,0,1),('2026-06-13 10:15:03','2026-06-13 10:15:03',486,'黑卡','自定义',1,2,14,0,1),('2026-06-13 10:15:03','2026-06-13 10:15:03',487,'银行卡买卖','自定义',1,2,14,0,1),('2026-06-13 10:15:03','2026-06-13 10:15:03',488,'对公账户','自定义',1,2,14,0,1),('2026-06-13 10:15:03','2026-06-13 10:15:03',489,'网贷套现','自定义',1,2,14,0,1),('2026-06-13 10:15:03','2026-06-13 10:15:03',490,'撸贷','自定义',1,2,14,0,1),('2026-06-13 10:15:03','2026-06-13 10:15:03',491,'714高炮','自定义',1,2,14,0,1),('2026-06-13 10:15:03','2026-06-13 10:15:03',492,'套路贷','自定义',1,2,14,0,1),('2026-06-13 10:15:03','2026-06-13 10:15:03',493,'暴力催收','自定义',1,2,14,0,1),('2026-06-13 10:15:03','2026-06-13 10:15:03',494,'学历造假','自定义',1,2,14,0,1),('2026-06-13 10:15:03','2026-06-13 10:15:03',495,'学位代办','自定义',1,2,14,0,1),('2026-06-13 10:15:03','2026-06-13 10:15:03',496,'论文代写','自定义',1,2,14,0,1),('2026-06-13 10:15:03','2026-06-13 10:15:03',497,'代考','自定义',1,2,14,0,1),('2026-06-13 10:15:03','2026-06-13 10:15:03',498,'http://','系统默认',1,3,8,0,3),('2026-06-13 10:15:03','2026-06-13 10:15:03',499,'https://','系统默认',1,3,8,0,3),('2026-06-13 10:15:03','2026-06-13 10:15:03',500,'www.','系统默认',1,3,8,0,3),('2026-06-13 10:15:03','2026-06-13 10:15:03',501,'.com','系统默认',1,3,8,0,3),('2026-06-13 10:15:03','2026-06-13 10:15:03',502,'.cn','系统默认',1,3,8,0,3),('2026-06-13 10:15:03','2026-06-13 10:15:03',503,'.net','系统默认',1,3,8,0,3),('2026-06-13 10:15:03','2026-06-13 10:15:03',504,'.top','系统默认',1,3,8,0,3),('2026-06-13 10:15:03','2026-06-13 10:15:03',505,'.xyz','系统默认',1,3,8,0,3),('2026-06-13 10:15:03','2026-06-13 10:15:03',506,'bit.ly','系统默认',1,3,8,0,3),('2026-06-13 10:15:03','2026-06-13 10:15:03',507,'t.cn','系统默认',1,3,8,0,3),('2026-06-13 10:15:03','2026-06-13 10:15:03',508,'vx','系统默认',1,3,8,0,3),('2026-06-13 10:15:03','2026-06-13 10:15:03',509,'vx:','系统默认',1,3,8,0,3),('2026-06-13 10:15:03','2026-06-13 10:15:03',510,'v信','系统默认',1,3,8,0,3),('2026-06-13 10:15:03','2026-06-13 10:15:03',511,'微信','系统默认',1,3,8,0,3),('2026-06-13 10:15:03','2026-06-13 10:15:03',512,'wechat','系统默认',1,3,8,0,3),('2026-06-13 10:15:03','2026-06-13 10:15:03',513,'q群','系统默认',1,3,8,0,3),('2026-06-13 10:15:03','2026-06-13 10:15:03',514,'qq群','系统默认',1,3,8,0,3),('2026-06-13 10:15:03','2026-06-13 10:15:03',515,'qq号','系统默认',1,3,8,0,3),('2026-06-13 10:15:03','2026-06-13 10:15:03',516,'tg','系统默认',1,3,8,0,3),('2026-06-13 10:15:03','2026-06-13 10:15:03',517,'telegram','系统默认',1,3,8,0,3),('2026-06-13 10:15:03','2026-06-13 10:15:03',518,'飞机群','系统默认',1,3,8,0,3),('2026-06-13 10:15:03','2026-06-13 10:15:03',519,'discord','系统默认',1,3,8,0,3),('2026-06-13 10:15:03','2026-06-13 10:15:03',520,'whatsapp','系统默认',1,3,8,0,3),('2026-06-13 10:15:03','2026-06-13 10:15:03',521,'line群','系统默认',1,3,8,0,3),('2026-06-13 10:15:03','2026-06-13 10:15:03',522,'私聊','系统默认',1,3,8,0,3),('2026-06-13 10:15:03','2026-06-13 10:15:03',523,'加我','系统默认',1,3,8,0,3),('2026-06-13 10:15:03','2026-06-13 10:15:03',524,'联系我','系统默认',1,3,8,0,3),('2026-06-13 10:15:03','2026-06-13 10:15:03',525,'扫码','系统默认',1,3,8,0,3),('2026-06-13 10:15:03','2026-06-13 10:15:03',526,'二维码','系统默认',1,3,8,0,3),('2026-06-13 10:15:03','2026-06-13 10:15:03',527,'扫码支付','系统默认',1,3,8,0,3),('2026-06-13 10:15:03','2026-06-13 10:15:03',528,'联系我微信','系统默认',1,3,8,0,3),('2026-06-13 10:15:03','2026-06-13 10:15:03',529,'加我微信','系统默认',1,3,8,0,3),('2026-06-13 10:15:03','2026-06-13 10:15:03',530,'私我','系统默认',1,3,8,0,3),('2026-06-13 10:15:03','2026-06-13 10:15:03',531,'戳我','系统默认',1,3,8,0,3),('2026-06-13 10:15:03','2026-06-13 10:15:03',532,'戳链接','系统默认',1,3,8,0,3),('2026-06-13 10:15:03','2026-06-13 10:15:03',533,'点击链接','系统默认',1,3,8,0,3),('2026-06-13 10:15:03','2026-06-13 10:15:03',534,'复制链接','系统默认',1,3,8,0,3),('2026-06-13 10:15:03','2026-06-13 10:15:03',535,'打开链接','系统默认',1,3,8,0,3),('2026-06-13 10:15:03','2026-06-13 10:15:03',536,'跳转链接','系统默认',1,3,8,0,3),('2026-06-13 10:15:03','2026-06-13 10:15:03',537,'外链','系统默认',1,3,8,0,3),('2026-06-13 10:15:03','2026-06-13 10:15:03',538,'短链接','系统默认',1,3,8,0,3),('2026-06-13 10:15:03','2026-06-13 10:15:03',539,'长链接','系统默认',1,3,8,0,3),('2026-06-13 10:15:03','2026-06-13 10:15:03',540,'域名','系统默认',1,3,8,0,3),('2026-06-13 10:15:03','2026-06-13 10:15:03',541,'网址','系统默认',1,3,8,0,3),('2026-06-13 10:15:03','2026-06-13 10:15:03',542,'链接地址','系统默认',1,3,8,0,3),('2026-06-13 10:15:03','2026-06-13 10:15:03',543,'傻','自定义',1,3,8,0,3),('2026-06-13 10:15:03','2026-06-13 10:15:03',544,'笨','自定义',1,3,8,0,3),('2026-06-13 10:15:03','2026-06-13 10:15:03',545,'蠢','自定义',1,3,8,0,3),('2026-06-13 10:15:03','2026-06-13 10:15:03',546,'废物','自定义',1,3,8,0,3),('2026-06-13 10:15:03','2026-06-13 10:15:03',547,'垃圾','自定义',1,3,8,0,3),('2026-06-13 10:15:03','2026-06-13 10:15:03',548,'滚','自定义',1,3,8,0,3),('2026-06-13 10:15:03','2026-06-13 10:15:03',549,'去死','自定义',1,3,8,0,3),('2026-06-13 10:15:03','2026-06-13 10:15:03',550,'妈的','自定义',1,3,8,0,3),('2026-06-13 10:15:03','2026-06-13 10:15:03',551,'他妈','自定义',1,3,8,0,3),('2026-06-13 10:15:03','2026-06-13 10:15:03',552,'卧槽','自定义',1,3,8,0,3),('2026-06-13 10:15:03','2026-06-13 10:15:03',553,'我靠','自定义',1,3,8,0,3),('2026-06-13 10:15:03','2026-06-13 10:15:03',554,'靠','自定义',1,3,8,0,3),('2026-06-13 10:15:03','2026-06-13 10:15:03',555,'操','自定义',1,3,8,0,3),('2026-06-13 10:15:03','2026-06-13 10:15:03',556,'艹','自定义',1,3,8,0,3),('2026-06-13 10:15:03','2026-06-13 10:15:03',557,'tmd','自定义',1,3,8,0,3),('2026-06-13 10:15:03','2026-06-13 10:15:03',558,'nmsl','自定义',1,3,8,0,3),('2026-06-13 10:15:03','2026-06-13 10:15:03',559,'sb','自定义',1,3,8,0,3),('2026-06-13 10:15:03','2026-06-13 10:15:03',560,'cnm','自定义',1,3,8,0,3),('2026-06-13 10:15:03','2026-06-13 10:15:03',561,'mdzz','自定义',1,3,8,0,3),('2026-06-13 10:15:03','2026-06-13 10:15:03',562,'zz','自定义',1,3,8,0,3),('2026-06-13 10:15:03','2026-06-13 10:15:03',563,'弱智','自定义',1,3,8,0,3),('2026-06-13 10:15:03','2026-06-13 10:15:03',564,'白痴','自定义',1,3,8,0,3),('2026-06-13 10:15:03','2026-06-13 10:15:03',565,'混蛋','自定义',1,3,8,0,3),('2026-06-13 10:15:03','2026-06-13 10:15:03',566,'王八','自定义',1,3,8,0,3),('2026-06-13 10:15:03','2026-06-13 10:15:03',567,'贱','自定义',1,3,8,0,3),('2026-06-13 10:15:03','2026-06-13 10:15:03',568,'婊','自定义',1,3,8,0,3),('2026-06-13 10:15:03','2026-06-13 10:15:03',569,'狗东西','自定义',1,3,8,0,3),('2026-06-13 10:15:03','2026-06-13 10:15:03',570,'神经病','自定义',1,3,8,0,3),('2026-06-13 10:15:03','2026-06-13 10:15:03',571,'有病','自定义',1,3,8,0,3),('2026-06-13 10:15:03','2026-06-13 10:15:03',572,'去你的','自定义',1,3,8,0,3),('2026-06-13 10:15:03','2026-06-13 10:15:03',573,'闭嘴','自定义',1,3,8,0,3),('2026-06-13 10:15:03','2026-06-13 10:15:03',574,'少废话','自定义',1,3,8,0,3),('2026-06-13 10:15:03','2026-06-13 10:15:03',575,'别废话','自定义',1,3,8,0,3),('2026-06-13 10:15:03','2026-06-13 10:15:03',576,'烦死了','自定义',1,3,8,0,3),('2026-06-13 10:15:03','2026-06-13 10:15:03',577,'讨厌鬼','自定义',1,3,8,0,3),('2026-06-13 10:15:03','2026-06-13 10:15:03',578,'讨厌','自定义',1,3,8,0,3),('2026-06-13 10:15:03','2026-06-13 10:15:03',579,'真烦','自定义',1,3,8,0,3),('2026-06-13 10:15:03','2026-06-13 10:15:03',580,'无语','自定义',1,3,8,0,3),('2026-06-13 10:15:03','2026-06-13 10:15:03',581,'呵呵','自定义',1,3,8,0,3),('2026-06-13 10:15:03','2026-06-13 10:15:03',582,'笑死','自定义',1,3,8,0,3),('2026-06-13 10:15:03','2026-06-13 10:15:03',583,'醉了','自定义',1,3,8,0,3),('2026-06-13 10:15:03','2026-06-13 10:15:03',584,'服了','自定义',1,3,8,0,3),('2026-06-13 10:15:03','2026-06-13 10:15:03',585,'离谱','自定义',1,3,8,0,3),('2026-06-13 10:15:03','2026-06-13 10:15:03',586,'什么鬼','自定义',1,3,8,0,3),('2026-06-13 10:15:03','2026-06-13 10:15:03',587,'搞什么','自定义',1,3,8,0,3),('2026-06-13 10:15:03','2026-06-13 10:15:03',588,'有病吧','自定义',1,3,8,0,3),('2026-06-13 10:15:03','2026-06-13 10:15:03',589,'脑子有问题','自定义',1,3,8,0,3),('2026-06-13 10:15:03','2026-06-13 10:15:03',590,'脑子进水','自定义',1,3,8,0,3),('2026-06-13 10:15:03','2026-06-13 10:15:03',591,'没脑子','自定义',1,3,8,0,3),('2026-06-13 10:15:03','2026-06-13 10:15:03',592,'不长脑子','自定义',1,3,8,0,3),('2026-06-13 10:15:03','2026-06-13 10:15:03',593,'嘴臭','自定义',1,3,8,0,3),('2026-06-13 10:15:03','2026-06-13 10:15:03',594,'口吐芬芳','自定义',1,3,8,0,3),('2026-06-13 10:15:03','2026-06-13 10:15:03',595,'喷子','自定义',1,3,8,0,3),('2026-06-13 10:15:03','2026-06-13 10:15:03',596,'杠精','自定义',1,3,8,0,3),('2026-06-13 10:15:03','2026-06-13 10:15:03',597,'抬杠','自定义',1,3,8,0,3);
/*!40000 ALTER TABLE `x_sensitive_word` ENABLE KEYS */;
UNLOCK TABLES;

--
-- Dumping data for table `x_scheduled_task`
--

LOCK TABLES `x_scheduled_task` WRITE;
/*!40000 ALTER TABLE `x_scheduled_task` DISABLE KEYS */;
INSERT INTO `x_scheduled_task` (`createTime`, `updateTime`, `id`, `name`, `description`, `cron`, `cronHuman`, `enabled`, `logRecording`, `sortOrder`) VALUES ('2026-06-07 02:54:42','2026-06-07 02:54:42',9,'daily_interaction_notify','每日互动通知','0 0 10 * * *','每天 10:00',1,1,1),('2026-06-07 02:54:42','2026-07-03 02:46:07',10,'scheduled_publish','文章定时发布','* * * * *','每分钟',1,0,2),('2026-06-07 02:54:42','2026-06-07 02:54:42',11,'monthly_report','每月博客月报','0 0 10 1 * *','每月1号 10:00',1,1,3),('2026-06-07 02:54:42','2026-06-07 02:54:42',12,'link_health_check','友链健康检测','0 0 3 * * 1','每周一 03:00',1,1,4),('2026-06-07 02:54:42','2026-06-07 02:54:42',13,'expired_data_cleanup','过期数据清理','0 30 2 * * *','每天 02:30',1,1,5),('2026-06-07 02:54:42','2026-06-07 02:54:42',14,'database_backup','数据库备份','0 0 4 * * *','每天 04:00',1,1,6),('2026-06-07 02:54:42','2026-06-07 02:54:42',15,'draft_cleanup','草稿90天自动清理','0 0 5 * * *','每天 05:00',1,1,7),('2026-06-07 02:54:42','2026-06-07 02:54:42',16,'sensitive_word_alert','敏感词命中告警','0 0 9 * * *','每天 09:00',1,1,8);
/*!40000 ALTER TABLE `x_scheduled_task` ENABLE KEYS */;
UNLOCK TABLES;
/*!40103 SET TIME_ZONE=@OLD_TIME_ZONE */;

/*!40101 SET SQL_MODE=@OLD_SQL_MODE */;
/*!40014 SET FOREIGN_KEY_CHECKS=@OLD_FOREIGN_KEY_CHECKS */;
/*!40014 SET UNIQUE_CHECKS=@OLD_UNIQUE_CHECKS */;
/*!40101 SET CHARACTER_SET_CLIENT=@OLD_CHARACTER_SET_CLIENT */;
/*!40101 SET CHARACTER_SET_RESULTS=@OLD_CHARACTER_SET_RESULTS */;
/*!40101 SET COLLATION_CONNECTION=@OLD_COLLATION_CONNECTION */;
/*!40111 SET SQL_NOTES=@OLD_SQL_NOTES */;

-- Dump completed on 2026-07-16 16:01:56
-- MySQL dump 10.13  Distrib 9.0.1, for Win64 (x86_64)
--
-- Host: 127.0.0.1    Database: x_my_blog
-- ------------------------------------------------------
-- Server version	9.0.1

/*!40101 SET @OLD_CHARACTER_SET_CLIENT=@@CHARACTER_SET_CLIENT */;
/*!40101 SET @OLD_CHARACTER_SET_RESULTS=@@CHARACTER_SET_RESULTS */;
/*!40101 SET @OLD_COLLATION_CONNECTION=@@COLLATION_CONNECTION */;
/*!50503 SET NAMES utf8mb4 */;
/*!40103 SET @OLD_TIME_ZONE=@@TIME_ZONE */;
/*!40103 SET TIME_ZONE='+00:00' */;
/*!40014 SET @OLD_UNIQUE_CHECKS=@@UNIQUE_CHECKS, UNIQUE_CHECKS=0 */;
/*!40014 SET @OLD_FOREIGN_KEY_CHECKS=@@FOREIGN_KEY_CHECKS, FOREIGN_KEY_CHECKS=0 */;
/*!40101 SET @OLD_SQL_MODE=@@SQL_MODE, SQL_MODE='NO_AUTO_VALUE_ON_ZERO' */;
/*!40111 SET @OLD_SQL_NOTES=@@SQL_NOTES, SQL_NOTES=0 */;

--
-- Dumping data for table `x_user`
--
-- WHERE:  username='18888888888'

LOCK TABLES `x_user` WRITE;
/*!40000 ALTER TABLE `x_user` DISABLE KEYS */;
INSERT INTO `x_user` (`id`, `createTime`, `updateTime`, `isDelete`, `version`, `status`, `password`, `salt`, `intro`, `avatar`, `homepage`, `email`, `githubId`, `wechatOpenId`, `username`, `deptId`, `nickname`) VALUES (5,'2022-08-05 11:07:28','2026-06-30 12:00:41',0,5,'active','$2a$10$Ovz3CYJUXmFg7yXMN.o3.u0Jfl6dG3UrAFSNkgp5003BJd9FwkR8m','','这个人很懒什么都没有留下。。。。','https://jiang-xia.top/x-api/blog-server/static/uploads/2022-08-10/8ojhda8gzvyx3rdhgyq378-头像.jpg','https://jiang-xia.top/',NULL,NULL,NULL,'18888888888',1,'江夏');
/*!40000 ALTER TABLE `x_user` ENABLE KEYS */;
UNLOCK TABLES;
/*!40103 SET TIME_ZONE=@OLD_TIME_ZONE */;

/*!40101 SET SQL_MODE=@OLD_SQL_MODE */;
/*!40014 SET FOREIGN_KEY_CHECKS=@OLD_FOREIGN_KEY_CHECKS */;
/*!40014 SET UNIQUE_CHECKS=@OLD_UNIQUE_CHECKS */;
/*!40101 SET CHARACTER_SET_CLIENT=@OLD_CHARACTER_SET_CLIENT */;
/*!40101 SET CHARACTER_SET_RESULTS=@OLD_CHARACTER_SET_RESULTS */;
/*!40101 SET COLLATION_CONNECTION=@OLD_COLLATION_CONNECTION */;
/*!40111 SET SQL_NOTES=@OLD_SQL_NOTES */;

-- Dump completed on 2026-07-16 16:01:57
-- MySQL dump 10.13  Distrib 9.0.1, for Win64 (x86_64)
--
-- Host: 127.0.0.1    Database: x_my_blog
-- ------------------------------------------------------
-- Server version	9.0.1

/*!40101 SET @OLD_CHARACTER_SET_CLIENT=@@CHARACTER_SET_CLIENT */;
/*!40101 SET @OLD_CHARACTER_SET_RESULTS=@@CHARACTER_SET_RESULTS */;
/*!40101 SET @OLD_COLLATION_CONNECTION=@@COLLATION_CONNECTION */;
/*!50503 SET NAMES utf8mb4 */;
/*!40103 SET @OLD_TIME_ZONE=@@TIME_ZONE */;
/*!40103 SET TIME_ZONE='+00:00' */;
/*!40014 SET @OLD_UNIQUE_CHECKS=@@UNIQUE_CHECKS, UNIQUE_CHECKS=0 */;
/*!40014 SET @OLD_FOREIGN_KEY_CHECKS=@@FOREIGN_KEY_CHECKS, FOREIGN_KEY_CHECKS=0 */;
/*!40101 SET @OLD_SQL_MODE=@@SQL_MODE, SQL_MODE='NO_AUTO_VALUE_ON_ZERO' */;
/*!40111 SET @OLD_SQL_NOTES=@@SQL_NOTES, SQL_NOTES=0 */;

--
-- Dumping data for table `x_role_users_user`
--
-- WHERE:  userId=5

LOCK TABLES `x_role_users_user` WRITE;
/*!40000 ALTER TABLE `x_role_users_user` DISABLE KEYS */;
INSERT INTO `x_role_users_user` (`userId`, `roleId`, `id`) VALUES (5,1,5);
/*!40000 ALTER TABLE `x_role_users_user` ENABLE KEYS */;
UNLOCK TABLES;
/*!40103 SET TIME_ZONE=@OLD_TIME_ZONE */;

/*!40101 SET SQL_MODE=@OLD_SQL_MODE */;
/*!40014 SET FOREIGN_KEY_CHECKS=@OLD_FOREIGN_KEY_CHECKS */;
/*!40014 SET UNIQUE_CHECKS=@OLD_UNIQUE_CHECKS */;
/*!40101 SET CHARACTER_SET_CLIENT=@OLD_CHARACTER_SET_CLIENT */;
/*!40101 SET CHARACTER_SET_RESULTS=@OLD_CHARACTER_SET_RESULTS */;
/*!40101 SET COLLATION_CONNECTION=@OLD_COLLATION_CONNECTION */;
/*!40111 SET SQL_NOTES=@OLD_SQL_NOTES */;

-- Dump completed on 2026-07-16 16:01:57

SET FOREIGN_KEY_CHECKS=1;